Circuit breaker Open/Close Status, Disconnector Open/Close Status, Earth switch Open/Close Status, Protection system healthy (Trip circuit healthy), Control level - Local or remote, Protection tripped, Circuit breaker mechanical failure, transformer mechanical failure (over temp), Transformer mechanical failure (over pressure), Tap changer mechanical failure, Auxiliary power failure, Current Line 'L1', Current Line 'L2', Current Line 'L3', Voltage Phase 'L1-N', Voltage Phase 'L2-N', Voltage Phase 'L3-N', Active Power, Reactive power, Frequency, Power Factor
1,1,0,1,FALSE,FALSE,1,FALSE,FALSE,FALSE,FALSE,154,158,151,38108,38113,38100,14999385,9250500,50.03,0.86
1,1,0,1,FALSE,FALSE,1,FALSE,FALSE,FALSE,FALSE,159,158,152,38092,38103,38116,14999945,9249968,50.05,0.85
1,1,0,1,FALSE,FALSE,1,FALSE,FALSE,FALSE,FALSE,158,153,149,38104,38107,38120,14999176,9249735,50.03,0.83
1,1,0,1,FALSE,FALSE,1,FALSE,FALSE,FALSE,FALSE,158,150,155,38099,38091,38102,15000080,9250918,50.01,0.86
1,1,0,1,FALSE,FALSE,1,FALSE,FALSE,FALSE,FALSE,153,152,158,38110,38103,38094,14999232,9249810,49.99,0.85
1,1,0,1,FALSE,FALSE,1,FALSE,FALSE,FALSE,FALSE,153,152,159,38090,38103,38099,15000813,9249485,49.99,0.84
1,1,0,1,FALSE,FALSE,1,FALSE,FALSE,FALSE,FALSE,152,149,156,38120,38096,38119,14999250,9249447,50.05,0.87
1,1,0,1,FALSE,FALSE,1,FALSE,FALSE,FALSE,FALSE,158,153,154,38108,38104,38105,14999641,9250667,49.96,0.83
1,1,0,1,FALSE,FALSE,1,FALSE,FALSE,FALSE,FALSE,149,155,152,38097,38094,38104,15000970,9249941,50.03,0.87
1,1,0,1,FALSE,FALSE,1,FALSE,FALSE,FALSE,FALSE,156,156,155,38120,38119,38113,15000774,9249713,49.98,0.83
1,1,0,1,FALSE,FALSE,1,FALSE,FALSE,FALSE,FALSE,156,153,154,38114,38117,38090,15000503,9249014,49.97,0.84
1,1,0,1,FALSE,FALSE,1,FALSE,FALSE,FALSE,FALSE,310,311,321,38100,38108,38105,30001537,18500460,50.03,0.86
1,1,0,1,FALSE,FALSE,1,FALSE,FALSE,FALSE,FALSE,312,309,323,38116,38092,38106,30000702,18501632,50.04,0.83
1,1,0,1,FALSE,FALSE,1,FALSE,FALSE,FALSE,FALSE,317,308,318,38105,38090,38115,30001920,18501353,50.03,0.84
1,1,0,1,FALSE,FALSE,1,FALSE,FALSE,FALSE,FALSE,317,318,320,38100,38105,38117,30000138,18500721,50.04,0.84
1,1,0,1,FALSE,FALSE,1,FALSE,FALSE,FALSE,FALSE,312,308,312,38112,38107,38091,30001725,18500950,49.95,0.85
1,1,0,1,FALSE,FALSE,1,FALSE,FALSE,FALSE,FALSE,317,318,312,38108,38100,38120,30000089,18501200,50.01,0.84
1,1,0,1,FALSE,FALSE,1,FALSE,FALSE,FALSE,FALSE,316,310,320,38119,38098,38093,30000368,18501798,49.96,0.84
1,1,0,1,FALSE,FALSE,1,FALSE,FALSE,FALSE,FALSE,315,318,320,38116,38114,38093,30001001,18500402,50.04,0.87
1,1,0,1,FALSE,FALSE,1,FALSE,FALSE,FALSE,FALSE,312,313,314,38113,38116,38108,30000903,18500428,50.04,0.84
1,1,0,1,FALSE,FALSE,1,FALSE,FALSE,FALSE,FALSE,311,316,311,38112,38119,38095,30000890,18500503,49.98,0.87
1,1,0,1,FALSE,FALSE,1,FALSE,FALSE,FALSE,FALSE,319,314,310,38118,38111,38099,30000885,18500026,50.02,0.83
1,1,0,1,FALSE,FALSE,1,FALSE,FALSE,FALSE,FALSE,310,316,311,38113,38095,38117,30000253,18500075,49.96,0.87
1,1,0,1,FALSE,FALSE,1,FALSE,FALSE,FALSE,FALSE,310,312,317,38116,38105,38096,30000068,18500165,50.02,0.85
1,1,0,1,FALSE,FALSE,1,FALSE,FALSE,FALSE,FALSE,314,322,312,38117,38108,38098,30000119,18501268,49.95,0.87
1,1,0,1,FALSE,FALSE,1,FALSE,FALSE,FALSE,FALSE,317,312,312,38094,38114,38100,30001114,18501834,49.96,0.87
1,1,0,1,FALSE,FALSE,1,FALSE,FALSE,FALSE,FALSE,322,320,320,38100,38111,38108,30001306,18501781,50.04,0.85
1,1,0,1,FALSE,FALSE,1,FALSE,FALSE,FALSE,FALSE,316,308,319,38113,38118,38109,30001230,18500889,50,0.86
1,1,0,1,FALSE,FALSE,1,FALSE,FALSE,FALSE,FALSE,314,310,314,38102,38120,38101,30001020,18501754,49.96,0.87
1,1,0,1,FALSE,FALSE,1,FALSE,FALSE,FALSE,FALSE,310,311,310,38092,38106,38110,30000953,18501738,50.03,0.87
1,1,0,1,FALSE,FALSE,1,FALSE,FALSE,FALSE,FALSE,321,309,323,38104,38105,38103,30000839,18501771,49.95,0.84
1,1,0,1,FALSE,FALSE,1,FALSE,FALSE,FALSE,FALSE,312,315,319,38117,38098,38103,30000463,18500954,50.01,0.86
1,1,0,1,FALSE,FALSE,1,FALSE,FALSE,FALSE,FALSE,313,314,308,38096,38108,38102,30000883,18500245,50,0.85
1,1,0,1,FALSE,FALSE,1,FALSE,FALSE,FALSE,FALSE,317,320,308,38114,38116,38111,30000687,18501495,49.96,0.84
1,1,0,1,FALSE,FALSE,1,FALSE,FALSE,FALSE,FALSE,323,310,315,38105,38114,38108,30001765,18501218,50,0.83
1,1,0,1,FALSE,FALSE,1,FALSE,FALSE,FALSE,FALSE,314,318,321,38092,38111,38102,30000233,18500295,50,0.87
1,1,0,1,FALSE,FALSE,1,FALSE,FALSE,FALSE,FALSE,313,310,323,38100,38112,38091,30000076,18501658,49.98,0.86
1,1,0,1,FALSE,FALSE,1,FALSE,FALSE,FALSE,FALSE,320,314,319,38097,38100,38099,30001141,18500815,50.02,0.83
1,1,0,1,FALSE,FALSE,1,FALSE,FALSE,FALSE,FALSE,311,319,310,38099,38092,38120,30000708,18501453,50.03,0.86
1,1,0,1,FALSE,FALSE,1,FALSE,FALSE,FALSE,FALSE,311,322,321,38094,38111,38091,30001806,18500343,50,0.85
1,1,0,1,FALSE,FALSE,1,FALSE,FALSE,FALSE,FALSE,312,319,315,38104,38095,38102,30000061,18501150,50.01,0.86
1,1,0,1,FALSE,FALSE,1,FALSE,FALSE,FALSE,FALSE,316,323,314,38096,38094,38101,30001753,18500309,49.96,0.83
1,1,0,1,FALSE,FALSE,1,FALSE,FALSE,FALSE,FALSE,318,320,316,38100,38109,38109,30000171,18500060,49.99,0.83
1,1,0,1,FALSE,FALSE,1,FALSE,FALSE,FALSE,FALSE,316,310,311,38099,38113,38103,30000172,18500898,50.03,0.85
1,1,0,1,FALSE,FALSE,1,FALSE,FALSE,FALSE,FALSE,312,308,323,38093,38119,38095,30000416,18501132,50.01,0.85
1,1,0,1,FALSE,FALSE,1,FALSE,FALSE,FALSE,FALSE,322,316,308,38107,38100,38105,30001929,18500590,49.98,0.87
1,1,0,1,FALSE,FALSE,1,FALSE,FALSE,FALSE,FALSE,322,316,311,38100,38091,38107,30000462,18501006,50.02,0.83
1,1,0,1,FALSE,FALSE,1,FALSE,FALSE,FALSE,FALSE,315,310,310,38097,38102,38113,30000894,18500621,50.01,0.87
1,1,0,1,FALSE,FALSE,1,FALSE,FALSE,FALSE,FALSE,321,321,316,38104,38113,38114,30000940,18501048,50.02,0.85
1,1,0,1,FALSE,FALSE,1,FALSE,FALSE,FALSE,FALSE,320,311,314,38117,38096,38116,30001433,18500352,50.05,0.85
1,1,0,1,FALSE,FALSE,1,FALSE,FALSE,FALSE,FALSE,320,319,321,38102,38114,38101,30000992,18500469,50.01,0.83
1,1,0,1,FALSE,FALSE,1,FALSE,FALSE,FALSE,FALSE,317,310,314,38101,38097,38118,30000621,18501681,49.95,0.87
1,1,0,1,FALSE,FALSE,1,FALSE,FALSE,FALSE,FALSE,312,315,322,38110,38118,38105,30000925,18500056,49.99,0.85
1,1,0,1,FALSE,FALSE,1,FALSE,FALSE,FALSE,FALSE,312,320,315,38099,38107,38113,30000746,18500633,49.98,0.83
1,1,0,1,FALSE,FALSE,1,FALSE,FALSE,FALSE,FALSE,322,314,316,38103,38113,38115,30000464,18501258,50.03,0.84
1,1,0,1,FALSE,FALSE,1,FALSE,FALSE,FALSE,FALSE,309,319,319,38103,38097,38090,30001384,18501411,50.04,0.87
1,1,0,1,FALSE,FALSE,1,FALSE,FALSE,FALSE,FALSE,309,313,314,38102,38120,38119,30001718,18501537,50.03,0.84
1,1,0,1,FALSE,FALSE,1,FALSE,FALSE,FALSE,FALSE,318,313,321,38114,38092,38111,30000467,18500775,49.97,0.83
1,1,0,1,FALSE,FALSE,1,FALSE,FALSE,FALSE,FALSE,313,315,321,38100,38094,38095,30001245,18501354,50.05,0.87
1,1,0,1,FALSE,FALSE,1,FALSE,FALSE,FALSE,FALSE,309,318,314,38113,38092,38097,30000885,18501813,49.97,0.83
1,1,0,1,FALSE,FALSE,1,FALSE,FALSE,FALSE,FALSE,311,322,319,38109,38092,38120,30001630,18501429,50.03,0.87
1,1,0,1,FALSE,FALSE,1,FALSE,FALSE,FALSE,FALSE,315,309,310,38109,38116,38099,30001447,18500667,50,0.86
1,1,0,1,FALSE,FALSE,1,FALSE,FALSE,FALSE,FALSE,313,309,318,38090,38094,38116,30001865,18500268,49.97,0.86
1,1,0,1,FALSE,FALSE,1,FALSE,FALSE,FALSE,FALSE,321,312,319,38100,38093,38113,30000321,18501473,50.02,0.83
1,1,0,1,FALSE,FALSE,1,FALSE,FALSE,FALSE,FALSE,308,319,308,38103,38108,38107,30001908,18501020,49.99,0.83
1,1,0,1,FALSE,FALSE,1,FALSE,FALSE,FALSE,FALSE,308,318,320,38105,38092,38119,30000853,18501708,49.95,0.84
1,1,0,1,FALSE,FALSE,1,FALSE,FALSE,FALSE,FALSE,309,312,321,38095,38109,38099,30000908,18500360,50.01,0.83
1,1,0,1,FALSE,FALSE,1,FALSE,FALSE,FALSE,FALSE,320,319,312,38091,38099,38097,30000026,18501002,50,0.85
1,1,0,1,FALSE,FALSE,1,FALSE,FALSE,FALSE,FALSE,320,309,320,38104,38113,38098,30001044,18500974,49.96,0.87
1,1,0,1,FALSE,FALSE,1,FALSE,FALSE,FALSE,FALSE,308,323,310,38117,38097,38095,30000098,18501884,49.99,0.87
1,1,0,1,FALSE,FALSE,1,FALSE,FALSE,FALSE,FALSE,319,312,323,38097,38099,38098,30000927,18500576,50.01,0.85
1,1,0,1,FALSE,FALSE,1,FALSE,FALSE,FALSE,FALSE,316,309,321,38118,38105,38119,30000709,18501495,50.01,0.83
1,1,0,1,FALSE,FALSE,1,FALSE,FALSE,FALSE,FALSE,311,322,321,38114,38094,38109,30001397,18501781,50.05,0.85
1,1,0,1,FALSE,FALSE,1,FALSE,FALSE,FALSE,FALSE,311,319,313,38101,38097,38117,30000777,18500381,49.99,0.87
1,1,0,1,FALSE,FALSE,1,FALSE,FALSE,FALSE,FALSE,317,318,313,38095,38110,38106,30000089,18501367,50.02,0.85
1,1,0,1,FALSE,FALSE,1,FALSE,FALSE,FALSE,FALSE,313,320,313,38118,38094,38111,30001562,18501832,49.98,0.85
1,1,0,1,FALSE,FALSE,1,FALSE,FALSE,FALSE,FALSE,312,318,320,38116,38109,38108,30001341,18501123,50.01,0.86
1,1,0,1,FALSE,FALSE,1,FALSE,FALSE,FALSE,FALSE,312,319,316,38116,38119,38090,30001759,18500351,50.05,0.87
1,1,0,1,FALSE,FALSE,1,FALSE,FALSE,FALSE,FALSE,309,319,309,38090,38120,38116,30001909,18500165,49.96,0.87
1,1,0,1,FALSE,FALSE,1,FALSE,FALSE,FALSE,FALSE,317,317,311,38100,38104,38100,30001068,18501547,49.95,0.84
1,1,0,1,FALSE,FALSE,1,FALSE,FALSE,FALSE,FALSE,309,317,313,38114,38105,38115,30000891,18500950,49.97,0.84
1,1,0,1,FALSE,FALSE,1,FALSE,FALSE,FALSE,FALSE,312,312,320,38096,38115,38090,30001856,18500495,50.04,0.86
1,1,0,1,FALSE,FALSE,1,FALSE,FALSE,FALSE,FALSE,322,313,318,38100,38102,38104,30001124,18501295,50.03,0.86
1,1,0,1,FALSE,FALSE,1,FALSE,FALSE,FALSE,FALSE,316,319,312,38104,38103,38114,30001953,18500044,49.98,0.87
1,1,0,1,FALSE,FALSE,1,FALSE,FALSE,FALSE,FALSE,311,315,309,38118,38102,38090,30001545,18501411,50.05,0.85
1,1,0,1,FALSE,FALSE,1,FALSE,FALSE,FALSE,FALSE,323,319,311,38104,38109,38101,30000594,18500235,50,0.83
1,1,0,1,FALSE,FALSE,1,FALSE,FALSE,FALSE,FALSE,310,312,319,38114,38120,38106,30001162,18501469,50.02,0.86
1,1,0,1,FALSE,FALSE,1,FALSE,FALSE,FALSE,FALSE,309,318,323,38117,38096,38095,30000220,18501565,49.95,0.83
1,1,0,1,FALSE,FALSE,1,FALSE,FALSE,FALSE,FALSE,321,310,311,38093,38115,38120,30001621,18500085,49.96,0.87
1,1,0,1,FALSE,FALSE,1,FALSE,FALSE,FALSE,FALSE,319,315,310,38106,38114,38090,30001233,18500833,50,0.84
1,1,0,1,FALSE,FALSE,1,FALSE,FALSE,FALSE,FALSE,313,317,308,38103,38091,38104,30000837,18501237,50.04,0.84
1,1,0,1,FALSE,FALSE,1,FALSE,FALSE,FALSE,FALSE,311,310,309,38098,38100,38099,30000277,18501524,49.97,0.84
1,1,0,1,FALSE,FALSE,1,FALSE,FALSE,FALSE,FALSE,311,318,314,38096,38115,38101,30000373,18500267,50.01,0.85
1,1,0,1,FALSE,FALSE,1,FALSE,FALSE,FALSE,FALSE,320,318,312,38099,38108,38105,30000797,18501709,49.97,0.85
1,1,0,1,FALSE,FALSE,1,FALSE,FALSE,FALSE,FALSE,320,311,322,38097,38120,38112,30001509,18501828,50.02,0.84
1,1,0,1,FALSE,FALSE,1,FALSE,FALSE,FALSE,FALSE,315,313,321,38110,38094,38104,30000890,18500109,49.95,0.84
1,1,0,1,FALSE,FALSE,1,FALSE,FALSE,FALSE,FALSE,320,313,320,38112,38112,38117,30001672,18500509,49.99,0.87
1,1,0,1,FALSE,FALSE,1,FALSE,FALSE,FALSE,FALSE,316,320,315,38093,38104,38092,30000040,18501914,50.05,0.83
1,1,0,1,FALSE,FALSE,1,FALSE,FALSE,FALSE,FALSE,319,309,312,38099,38105,38111,30001925,18500065,50.02,0.87
1,1,0,1,FALSE,FALSE,1,FALSE,FALSE,FALSE,FALSE,318,320,319,38114,38099,38108,30001307,18500150,49.97,0.84
1,1,0,1,FALSE,FALSE,1,FALSE,FALSE,FALSE,FALSE,312,320,321,38092,38111,38117,30000543,18500697,49.97,0.85
1,1,0,1,FALSE,FALSE,1,FALSE,FALSE,FALSE,FALSE,317,316,322,38107,38116,38114,30000749,18501327,49.95,0.83
1,1,0,1,FALSE,FALSE,1,FALSE,FALSE,FALSE,FALSE,321,323,310,38114,38113,38118,30001706,18500064,50.03,0.84
1,1,0,1,FALSE,FALSE,1,FALSE,FALSE,FALSE,FALSE,314,310,310,38113,38117,38103,30001139,18500109,49.96,0.83
1,1,0,1,FALSE,FALSE,1,FALSE,FALSE,FALSE,FALSE,316,313,310,38109,38096,38109,30001026,18500666,50.02,0.84
1,1,0,1,FALSE,FALSE,1,FALSE,FALSE,FALSE,FALSE,313,314,323,38120,38112,38094,30001965,18500898,49.98,0.86
1,1,0,1,FALSE,FALSE,1,FALSE,FALSE,FALSE,FALSE,319,323,310,38101,38115,38094,30001303,18501139,50.02,0.86
1,1,0,1,FALSE,FALSE,1,FALSE,FALSE,FALSE,FALSE,310,322,317,38101,38094,38099,30001122,18501266,50,0.84
1,1,0,1,FALSE,FALSE,1,FALSE,FALSE,FALSE,FALSE,319,310,318,38106,38093,38101,30001180,18500562,49.96,0.87
1,1,0,1,FALSE,FALSE,1,FALSE,FALSE,FALSE,FALSE,309,314,322,38092,38106,38095,30001683,18501709,49.95,0.84
1,1,0,1,FALSE,FALSE,1,FALSE,FALSE,FALSE,FALSE,319,320,322,38112,38119,38116,30000121,18500386,50.05,0.87
1,1,0,1,FALSE,FALSE,1,FALSE,FALSE,FALSE,FALSE,310,309,320,38116,38107,38096,30000213,18501981,49.95,0.85
1,1,0,1,FALSE,FALSE,1,FALSE,FALSE,FALSE,FALSE,311,317,313,38110,38112,38115,30001674,18500184,50.05,0.83
1,1,0,1,FALSE,FALSE,1,FALSE,FALSE,FALSE,FALSE,311,318,310,38102,38107,38092,30000112,18501240,49.96,0.83
1,1,0,1,FALSE,FALSE,1,FALSE,FALSE,FALSE,FALSE,308,315,310,38096,38103,38098,30000544,18501437,49.96,0.86
1,1,0,1,FALSE,FALSE,1,FALSE,FALSE,FALSE,FALSE,311,311,309,38093,38097,38111,30001626,18501975,49.97,0.84
1,1,0,1,FALSE,FALSE,1,FALSE,FALSE,FALSE,FALSE,317,312,309,38120,38093,38113,30000019,18500273,49.98,0.85
1,1,0,1,FALSE,FALSE,1,FALSE,FALSE,FALSE,FALSE,315,310,318,38097,38102,38095,30000132,18501077,49.96,0.83
1,1,0,1,FALSE,FALSE,1,FALSE,FALSE,FALSE,FALSE,313,322,313,38114,38093,38118,30001154,18501168,49.97,0.83
1,1,0,1,FALSE,FALSE,1,FALSE,FALSE,FALSE,FALSE,322,312,315,38105,38093,38110,30000635,18501810,50.01,0.85
1,1,0,1,FALSE,FALSE,1,FALSE,FALSE,FALSE,FALSE,323,322,315,38116,38090,38112,30000323,18501367,50.03,0.86
1,1,0,1,FALSE,FALSE,1,FALSE,FALSE,FALSE,FALSE,311,310,320,38110,38094,38105,30001294,18500963,49.99,0.87
1,1,0,1,FALSE,FALSE,1,FALSE,FALSE,FALSE,FALSE,315,320,316,38103,38114,38100,30000724,18500099,50.05,0.87
1,1,0,1,FALSE,FALSE,1,FALSE,FALSE,FALSE,FALSE,314,315,312,38098,38096,38119,30000205,18501897,50.05,0.85
1,1,0,1,FALSE,FALSE,1,FALSE,FALSE,FALSE,FALSE,312,319,317,38111,38105,38112,30000668,18500463,49.96,0.87
1,1,0,1,FALSE,FALSE,1,FALSE,FALSE,FALSE,FALSE,313,308,312,38100,38092,38112,30001680,18500359,50,0.86
1,1,0,1,FALSE,FALSE,1,FALSE,FALSE,FALSE,FALSE,318,315,322,38103,38110,38099,30001900,18501644,49.98,0.85
1,1,0,1,FALSE,FALSE,1,FALSE,FALSE,FALSE,FALSE,319,315,311,38091,38103,38099,30001477,18500193,50.01,0.84
1,1,0,1,FALSE,FALSE,1,FALSE,FALSE,FALSE,FALSE,318,322,317,38106,38106,38109,30000786,18500990,50.01,0.85
1,1,0,1,FALSE,FALSE,1,FALSE,FALSE,FALSE,FALSE,322,321,318,38114,38114,38098,30000709,18500269,50.02,0.83
1,1,0,1,FALSE,FALSE,1,FALSE,FALSE,FALSE,FALSE,316,314,320,38105,38101,38103,30001943,18500085,49.95,0.86
1,1,0,1,FALSE,FALSE,1,FALSE,FALSE,FALSE,FALSE,318,316,321,38098,38090,38090,30001912,18501415,49.97,0.84
1,1,0,1,FALSE,FALSE,1,FALSE,FALSE,FALSE,FALSE,323,317,315,38115,38118,38111,30001439,18501435,49.97,0.86
1,1,0,1,FALSE,FALSE,1,FALSE,FALSE,FALSE,FALSE,309,311,317,38116,38120,38095,30001860,18501389,49.95,0.84
1,1,0,1,FALSE,FALSE,1,FALSE,FALSE,FALSE,FALSE,321,314,313,38105,38103,38091,30001863,18500041,50.03,0.86
1,1,0,1,FALSE,FALSE,1,FALSE,FALSE,FALSE,FALSE,309,317,312,38108,38094,38116,30001819,18500993,49.98,0.84
1,1,0,1,FALSE,FALSE,1,FALSE,FALSE,FALSE,FALSE,314,308,318,38114,38110,38098,30001441,18500615,50.03,0.86
1,1,0,1,FALSE,FALSE,1,FALSE,FALSE,FALSE,FALSE,322,310,316,38102,38118,38102,30000489,18500240,50.02,0.87
1,1,0,1,FALSE,FALSE,1,FALSE,FALSE,FALSE,FALSE,314,321,313,38095,38094,38093,30000901,18501328,49.95,0.83
1,1,0,1,FALSE,FALSE,1,FALSE,FALSE,FALSE,FALSE,320,317,312,38112,38096,38099,30000516,18501794,49.95,0.87
1,1,0,1,FALSE,FALSE,1,FALSE,FALSE,FALSE,FALSE,315,322,319,38110,38104,38118,30000595,18500540,49.96,0.83
1,1,0,1,FALSE,FALSE,1,FALSE,FALSE,FALSE,FALSE,311,313,315,38107,38118,38118,30001753,18501178,50.04,0.85
1,1,0,1,FALSE,FALSE,1,FALSE,FALSE,FALSE,FALSE,310,312,319,38092,38113,38105,30000565,18500240,50.04,0.87
1,1,0,1,FALSE,FALSE,1,FALSE,FALSE,FALSE,FALSE,323,322,320,38099,38113,38103,30001776,18500676,50,0.83
1,1,0,1,FALSE,FALSE,1,FALSE,FALSE,FALSE,FALSE,313,311,320,38090,38109,38111,30001541,18500118,49.97,0.86
1,1,0,1,FALSE,FALSE,1,FALSE,FALSE,FALSE,FALSE,318,315,310,38113,38096,38093,30001946,18500588,49.96,0.86
1,1,0,1,FALSE,FALSE,1,FALSE,FALSE,FALSE,FALSE,316,311,309,38108,38105,38113,30000874,18501052,49.97,0.87
1,1,0,1,FALSE,FALSE,1,FALSE,FALSE,FALSE,FALSE,322,316,315,38094,38119,38120,30000938,18501757,49.98,0.84
1,1,0,1,FALSE,FALSE,1,FALSE,FALSE,FALSE,FALSE,319,314,311,38120,38117,38120,30001145,18500917,49.98,0.83
1,1,0,1,FALSE,FALSE,1,FALSE,FALSE,FALSE,FALSE,311,308,308,38114,38099,38109,30001222,18501148,49.95,0.85
1,1,0,1,FALSE,FALSE,1,FALSE,FALSE,FALSE,FALSE,317,311,321,38117,38097,38101,30001028,18500219,50.01,0.87
1,1,0,1,FALSE,FALSE,1,FALSE,FALSE,FALSE,FALSE,315,317,308,38095,38091,38104,30000101,18500177,50.01,0.83
1,1,0,1,FALSE,FALSE,1,FALSE,FALSE,FALSE,FALSE,310,316,316,38119,38100,38101,30000719,18500569,50.04,0.87
1,1,0,1,FALSE,FALSE,1,FALSE,FALSE,FALSE,FALSE,323,320,321,38099,38096,38094,30000244,18500093,49.99,0.85
1,1,0,1,FALSE,FALSE,1,FALSE,FALSE,FALSE,FALSE,316,320,309,38107,38108,38095,30000602,18500744,49.97,0.83
1,1,0,1,FALSE,FALSE,1,FALSE,FALSE,FALSE,FALSE,323,313,312,38090,38117,38093,30001227,18500096,50.04,0.83
1,1,0,1,FALSE,FALSE,1,FALSE,FALSE,FALSE,FALSE,313,316,316,38095,38105,38097,30000792,18501538,50.03,0.87
1,1,0,1,FALSE,FALSE,1,FALSE,FALSE,FALSE,FALSE,319,311,309,38094,38094,38102,30001686,18500724,49.95,0.83
1,1,0,1,FALSE,FALSE,1,FALSE,FALSE,FALSE,FALSE,310,313,309,38116,38108,38109,30001728,18501505,50.05,0.86
1,1,0,1,FALSE,FALSE,1,FALSE,FALSE,FALSE,FALSE,322,316,316,38099,38113,38091,30001391,18501133,50.05,0.86
1,1,0,1,FALSE,FALSE,1,FALSE,FALSE,FALSE,FALSE,322,312,321,38099,38119,38100,30001351,18500734,49.96,0.84
1,1,0,1,FALSE,FALSE,1,FALSE,FALSE,FALSE,FALSE,315,318,314,38104,38119,38116,30001336,18500692,50.01,0.87
1,1,0,1,FALSE,FALSE,1,FALSE,FALSE,FALSE,FALSE,321,314,311,38113,38116,38095,30000848,18500666,50.03,0.87
1,1,0,1,FALSE,FALSE,1,FALSE,FALSE,FALSE,FALSE,322,320,309,38110,38109,38103,30000227,18501178,50.04,0.86
1,1,0,1,FALSE,FALSE,1,FALSE,FALSE,FALSE,FALSE,317,318,322,38109,38092,38105,30001218,18500849,49.97,0.84
1,1,0,1,FALSE,FALSE,1,FALSE,FALSE,FALSE,FALSE,318,308,316,38118,38098,38112,30000887,18500609,50.01,0.85
1,1,0,1,FALSE,FALSE,1,FALSE,FALSE,FALSE,FALSE,318,316,310,38106,38119,38097,30000922,18500276,49.97,0.87
1,1,0,1,FALSE,FALSE,1,FALSE,FALSE,FALSE,FALSE,320,316,313,38095,38099,38113,30000991,18501144,50.02,0.85
1,1,0,1,FALSE,FALSE,1,FALSE,FALSE,FALSE,FALSE,318,309,315,38096,38104,38105,30000667,18500965,49.97,0.85
1,1,0,1,FALSE,FALSE,1,FALSE,FALSE,FALSE,FALSE,317,318,319,38103,38096,38102,30000621,18500884,50,0.85
1,1,0,1,FALSE,FALSE,1,FALSE,FALSE,FALSE,FALSE,309,311,322,38092,38093,38097,30000537,18501430,50,0.84
1,1,0,1,FALSE,FALSE,1,FALSE,FALSE,FALSE,FALSE,323,323,310,38108,38112,38110,30001983,18501781,49.97,0.86
1,1,0,1,FALSE,FALSE,1,FALSE,FALSE,FALSE,FALSE,319,308,316,38095,38096,38113,30000982,18501461,50.02,0.87
1,1,0,1,FALSE,FALSE,1,FALSE,FALSE,FALSE,FALSE,312,321,315,38108,38091,38109,30000331,18501544,49.98,0.86
1,1,0,1,FALSE,FALSE,1,FALSE,FALSE,FALSE,FALSE,311,317,317,38120,38095,38119,30001734,18501776,49.98,0.83
1,1,0,1,FALSE,FALSE,1,FALSE,FALSE,FALSE,FALSE,308,316,322,38117,38118,38111,30000505,18501852,50.03,0.87
1,1,0,1,FALSE,FALSE,1,FALSE,FALSE,FALSE,FALSE,322,322,316,38099,38109,38099,30000973,18501717,50.03,0.83
1,1,0,1,FALSE,FALSE,1,FALSE,FALSE,FALSE,FALSE,314,314,313,38098,38115,38095,30000908,18500131,49.96,0.85
1,1,0,1,FALSE,FALSE,1,FALSE,FALSE,FALSE,FALSE,322,312,316,38112,38104,38102,30001806,18501930,50.03,0.85
1,1,0,1,FALSE,FALSE,1,FALSE,FALSE,FALSE,FALSE,317,311,317,38097,38097,38097,30000777,18500333,50.02,0.83
1,1,0,1,FALSE,FALSE,1,FALSE,FALSE,FALSE,FALSE,313,312,321,38091,38098,38090,30000499,18500516,49.97,0.84
1,1,0,1,FALSE,FALSE,1,FALSE,FALSE,FALSE,FALSE,314,314,320,38099,38103,38091,30000509,18500012,49.95,0.87
1,1,0,1,FALSE,FALSE,1,FALSE,FALSE,FALSE,FALSE,314,313,320,38100,38109,38105,30000720,18500985,50.01,0.87
1,1,0,1,FALSE,FALSE,1,FALSE,FALSE,FALSE,FALSE,312,321,313,38105,38093,38116,30000587,18500560,50,0.83
1,1,0,1,FALSE,FALSE,1,FALSE,FALSE,FALSE,FALSE,321,314,317,38105,38099,38092,30001095,18501307,50.04,0.86
1,1,0,1,FALSE,FALSE,1,FALSE,FALSE,FALSE,FALSE,322,321,318,38118,38090,38105,30001928,18500857,50.04,0.87
1,1,0,1,FALSE,FALSE,1,FALSE,FALSE,FALSE,FALSE,310,320,312,38102,38115,38094,30000732,18500430,50.03,0.86
1,1,0,1,FALSE,FALSE,1,FALSE,FALSE,FALSE,FALSE,314,308,321,38109,38096,38099,30001667,18501659,50.02,0.85
1,1,0,1,FALSE,FALSE,1,FALSE,FALSE,FALSE,FALSE,313,309,320,38118,38118,38114,30000390,18500278,50.01,0.85
1,1,0,1,FALSE,FALSE,1,FALSE,FALSE,FALSE,FALSE,309,308,315,38090,38101,38119,30001583,18501604,49.98,0.85
1,1,0,1,FALSE,FALSE,1,FALSE,FALSE,FALSE,FALSE,319,317,310,38118,38116,38090,30000165,18501599,49.97,0.87
1,1,0,1,FALSE,FALSE,1,FALSE,FALSE,FALSE,FALSE,312,314,317,38096,38094,38102,30000942,18500649,49.95,0.83
1,1,0,1,FALSE,FALSE,1,FALSE,FALSE,FALSE,FALSE,319,308,320,38108,38099,38109,30000429,18500723,49.95,0.86
1,1,0,1,FALSE,FALSE,1,FALSE,FALSE,FALSE,FALSE,320,310,309,38104,38118,38096,30000686,18500856,50.01,0.86
1,1,0,1,FALSE,FALSE,1,FALSE,FALSE,FALSE,FALSE,317,323,311,38103,38090,38109,30001069,18500583,50.04,0.87
1,1,0,1,FALSE,FALSE,1,FALSE,FALSE,FALSE,FALSE,315,317,317,38108,38117,38114,30000587,18501485,49.99,0.84
1,1,0,1,FALSE,FALSE,1,FALSE,FALSE,FALSE,FALSE,312,320,315,38120,38115,38110,30001552,18501056,49.96,0.85
1,1,0,1,FALSE,FALSE,1,FALSE,FALSE,FALSE,FALSE,314,315,312,38095,38101,38103,30001179,18500036,50.04,0.87
1,1,0,1,FALSE,FALSE,1,FALSE,FALSE,FALSE,FALSE,322,322,320,38099,38119,38103,30001634,18500124,50.01,0.84
1,1,0,1,FALSE,FALSE,1,FALSE,FALSE,FALSE,FALSE,314,311,322,38119,38103,38112,30000878,18500912,50.05,0.83
1,1,0,1,FALSE,FALSE,1,FALSE,FALSE,FALSE,FALSE,320,313,309,38113,38102,38116,30000989,18500152,49.98,0.83
1,1,0,1,FALSE,FALSE,1,FALSE,FALSE,FALSE,FALSE,311,320,320,38095,38111,38113,30001025,18500685,49.97,0.87
1,1,0,1,FALSE,FALSE,1,FALSE,FALSE,FALSE,FALSE,315,319,314,38095,38110,38091,30000513,18501670,50.05,0.83
1,1,0,1,FALSE,FALSE,1,FALSE,FALSE,FALSE,FALSE,308,319,312,38113,38109,38117,30000380,18501982,49.96,0.87
1,1,0,1,FALSE,FALSE,1,FALSE,FALSE,FALSE,FALSE,312,316,316,38099,38117,38114,30001653,18501278,50.05,0.87
1,1,0,1,FALSE,FALSE,1,FALSE,FALSE,FALSE,FALSE,313,320,311,38105,38110,38110,30001785,18500695,50.01,0.85
1,1,0,1,FALSE,FALSE,1,FALSE,FALSE,FALSE,FALSE,322,313,312,38102,38110,38098,30000789,18500559,49.99,0.85
1,1,0,1,FALSE,FALSE,1,FALSE,FALSE,FALSE,FALSE,319,321,323,38100,38112,38118,30000925,18501377,50.03,0.85
1,1,0,1,FALSE,FALSE,1,FALSE,FALSE,FALSE,FALSE,322,311,311,38099,38117,38117,30001464,18501959,49.96,0.83
1,1,0,1,FALSE,FALSE,1,FALSE,FALSE,FALSE,FALSE,309,320,322,38117,38112,38095,30001070,18501221,49.98,0.85
1,1,0,1,FALSE,FALSE,1,FALSE,FALSE,FALSE,FALSE,317,316,308,38108,38119,38111,30000188,18501348,50.04,0.87
1,1,0,1,FALSE,FALSE,1,FALSE,FALSE,FALSE,FALSE,313,318,316,38099,38116,38102,30000803,18501152,49.95,0.83
1,1,0,1,FALSE,FALSE,1,FALSE,FALSE,FALSE,FALSE,314,309,312,38092,38120,38093,30000220,18501304,49.95,0.83
1,1,0,1,FALSE,FALSE,1,FALSE,FALSE,FALSE,FALSE,317,313,319,38114,38102,38111,30001796,18500605,50,0.84
1,1,0,1,FALSE,FALSE,1,FALSE,FALSE,FALSE,FALSE,322,315,317,38097,38093,38100,30001955,18501720,49.96,0.83
1,1,0,1,FALSE,FALSE,1,FALSE,FALSE,FALSE,FALSE,314,313,318,38108,38108,38117,30000615,18501618,50.01,0.84
1,1,0,1,FALSE,FALSE,1,FALSE,FALSE,FALSE,FALSE,314,317,317,38091,38116,38110,30001716,18501446,49.96,0.87
1,1,0,1,FALSE,FALSE,1,FALSE,FALSE,FALSE,FALSE,314,309,312,38099,38095,38094,30000277,18500539,50.01,0.87
1,1,0,1,FALSE,FALSE,1,FALSE,FALSE,FALSE,FALSE,316,313,320,38105,38106,38119,30000707,18500402,49.97,0.85
1,1,0,1,FALSE,FALSE,1,FALSE,FALSE,FALSE,FALSE,318,318,312,38104,38117,38120,30001903,18500404,50.05,0.86
1,1,0,1,FALSE,FALSE,1,FALSE,FALSE,FALSE,FALSE,309,322,319,38092,38108,38114,30000085,18500116,49.96,0.83
1,1,0,1,FALSE,FALSE,1,FALSE,FALSE,FALSE,FALSE,315,323,320,38104,38096,38103,30001104,18501528,50,0.85
1,1,0,1,FALSE,FALSE,1,FALSE,FALSE,FALSE,FALSE,318,309,317,38103,38104,38093,30001176,18501896,50.01,0.87
1,1,0,1,FALSE,FALSE,1,FALSE,FALSE,FALSE,FALSE,311,315,321,38103,38103,38116,30000585,18500164,49.98,0.85
1,1,0,1,FALSE,FALSE,1,FALSE,FALSE,FALSE,FALSE,312,323,318,38118,38118,38108,30001827,18501214,50.02,0.84
1,1,0,1,FALSE,FALSE,1,FALSE,FALSE,FALSE,FALSE,316,319,322,38100,38109,38115,30000086,18500172,50,0.86
1,1,0,1,FALSE,FALSE,1,FALSE,FALSE,FALSE,FALSE,316,321,321,38113,38118,38100,30001214,18500110,50.03,0.83
1,1,0,1,FALSE,FALSE,1,FALSE,FALSE,FALSE,FALSE,322,319,309,38116,38102,38108,30001840,18500521,49.97,0.84
1,1,0,1,FALSE,FALSE,1,FALSE,FALSE,FALSE,FALSE,314,312,320,38097,38095,38093,30001844,18500034,50.05,0.83
1,1,0,1,FALSE,FALSE,1,FALSE,FALSE,FALSE,FALSE,318,309,321,38100,38113,38111,30001495,18500085,50.03,0.85
1,1,0,1,FALSE,FALSE,1,FALSE,FALSE,FALSE,FALSE,309,319,309,38116,38112,38105,30001733,18500804,50.03,0.86
1,1,0,1,FALSE,FALSE,1,FALSE,FALSE,FALSE,FALSE,308,309,315,38099,38118,38117,30000223,18500584,49.96,0.83
1,1,0,1,FALSE,FALSE,1,FALSE,FALSE,FALSE,FALSE,318,313,310,38119,38095,38097,30001210,18501593,49.95,0.86
1,1,0,1,FALSE,FALSE,1,FALSE,FALSE,FALSE,FALSE,314,309,317,38116,38093,38095,30001472,18500144,50.03,0.83
1,1,0,1,FALSE,FALSE,1,FALSE,FALSE,FALSE,FALSE,317,314,309,38090,38099,38103,30001259,18501830,50.03,0.83
1,1,0,1,FALSE,FALSE,1,FALSE,FALSE,FALSE,FALSE,322,321,312,38097,38102,38119,30000055,18500421,49.98,0.86
1,1,0,1,FALSE,FALSE,1,FALSE,FALSE,FALSE,FALSE,309,314,312,38105,38092,38105,30001638,18501552,50.03,0.87
1,1,0,1,FALSE,FALSE,1,FALSE,FALSE,FALSE,FALSE,319,316,319,38114,38091,38109,30001362,18500484,50.02,0.83
1,1,0,1,FALSE,FALSE,1,FALSE,FALSE,FALSE,FALSE,310,316,310,38113,38091,38097,30000832,18500560,50,0.87
1,1,0,1,FALSE,FALSE,1,FALSE,FALSE,FALSE,FALSE,310,312,322,38098,38100,38109,30000746,18500444,50.02,0.86
1,1,0,1,FALSE,FALSE,1,FALSE,FALSE,FALSE,FALSE,313,319,320,38112,38117,38113,30001603,18501542,49.98,0.85
1,1,0,1,FALSE,FALSE,1,FALSE,FALSE,FALSE,FALSE,320,315,314,38104,38097,38101,30001681,18500537,50.05,0.83
1,1,0,1,FALSE,FALSE,1,FALSE,FALSE,FALSE,FALSE,310,314,318,38109,38114,38104,30001852,18500103,49.95,0.83
1,1,0,1,FALSE,FALSE,1,FALSE,FALSE,FALSE,FALSE,317,312,312,38117,38098,38105,30001311,18500403,50.02,0.84
1,1,0,1,FALSE,FALSE,1,FALSE,FALSE,FALSE,FALSE,316,312,317,38107,38117,38097,30001702,18500583,49.95,0.84
1,1,0,1,FALSE,FALSE,1,FALSE,FALSE,FALSE,FALSE,322,317,320,38099,38094,38090,30001255,18501613,50.05,0.86
1,1,0,1,FALSE,FALSE,1,FALSE,FALSE,FALSE,FALSE,322,308,315,38091,38108,38103,30000064,18500930,49.95,0.83
1,1,0,1,FALSE,FALSE,1,FALSE,FALSE,FALSE,FALSE,316,315,314,38095,38118,38108,30000612,18501650,50.05,0.83
1,1,0,1,FALSE,FALSE,1,FALSE,FALSE,FALSE,FALSE,322,321,314,38104,38096,38120,30001570,18501452,49.98,0.86
1,1,0,1,FALSE,FALSE,1,FALSE,FALSE,FALSE,FALSE,318,315,309,38092,38112,38119,30000234,18500845,50.01,0.87
1,1,0,1,FALSE,FALSE,1,FALSE,FALSE,FALSE,FALSE,310,318,313,38090,38107,38113,30000680,18500171,49.96,0.87
1,1,0,1,FALSE,FALSE,1,FALSE,FALSE,FALSE,FALSE,321,314,309,38101,38113,38099,30001870,18500670,49.95,0.87
1,1,0,1,FALSE,FALSE,1,FALSE,FALSE,FALSE,FALSE,318,321,316,38098,38093,38101,30000857,18500487,49.99,0.87
1,1,0,1,FALSE,FALSE,1,FALSE,FALSE,FALSE,FALSE,323,321,314,38113,38103,38091,30000380,18500794,50,0.83
1,1,0,1,FALSE,FALSE,1,FALSE,FALSE,FALSE,FALSE,323,317,319,38098,38098,38104,30000293,18501264,50.03,0.84
1,1,0,1,FALSE,FALSE,1,FALSE,FALSE,FALSE,FALSE,308,319,312,38093,38116,38106,30001174,18500609,50.02,0.83
1,1,0,1,FALSE,FALSE,1,FALSE,FALSE,FALSE,FALSE,321,315,319,38120,38101,38094,30000633,18500333,49.96,0.87
1,1,0,1,FALSE,FALSE,1,FALSE,FALSE,FALSE,FALSE,316,318,317,38112,38114,38098,30000422,18500792,50,0.86
1,1,0,1,FALSE,FALSE,1,FALSE,FALSE,FALSE,FALSE,311,322,315,38091,38093,38094,30000124,18501731,50.05,0.85
1,1,0,1,FALSE,FALSE,1,FALSE,FALSE,FALSE,FALSE,322,313,310,38097,38093,38110,30001022,18500488,50.04,0.87
1,1,0,1,FALSE,FALSE,1,FALSE,FALSE,FALSE,FALSE,314,316,309,38108,38111,38119,30001681,18501887,50.05,0.84
1,1,0,1,FALSE,FALSE,1,FALSE,FALSE,FALSE,FALSE,322,313,320,38108,38105,38090,30001046,18500422,50.02,0.87
1,1,0,1,FALSE,FALSE,1,FALSE,FALSE,FALSE,FALSE,315,323,312,38117,38120,38100,30001337,18501820,49.99,0.87
1,1,0,1,FALSE,FALSE,1,FALSE,FALSE,FALSE,FALSE,315,311,308,38095,38120,38116,30000816,18500966,49.98,0.85
1,1,0,1,FALSE,FALSE,1,FALSE,FALSE,FALSE,FALSE,311,320,314,38096,38116,38101,30001258,18500568,50.04,0.86
1,1,0,1,FALSE,FALSE,1,FALSE,FALSE,FALSE,FALSE,322,321,312,38103,38091,38091,30000150,18500374,50.02,0.87
1,1,0,1,FALSE,FALSE,1,FALSE,FALSE,FALSE,FALSE,322,314,309,38120,38095,38097,30001925,18501197,50.02,0.87
1,1,0,1,FALSE,FALSE,1,FALSE,FALSE,FALSE,FALSE,314,311,319,38092,38090,38107,30001904,18501663,50,0.86
1,1,0,1,FALSE,FALSE,1,FALSE,FALSE,FALSE,FALSE,322,309,323,38090,38091,38108,30001616,18501248,50.03,0.87
1,1,0,1,FALSE,FALSE,1,FALSE,FALSE,FALSE,FALSE,322,317,311,38114,38091,38118,30000787,18501277,49.98,0.84
1,1,0,1,FALSE,FALSE,1,FALSE,FALSE,FALSE,FALSE,311,321,314,38115,38093,38100,30001539,18500826,50.04,0.85
1,1,0,1,FALSE,FALSE,1,FALSE,FALSE,FALSE,FALSE,323,321,322,38091,38112,38100,30001951,18500303,50.05,0.84
1,1,0,1,FALSE,FALSE,1,FALSE,FALSE,FALSE,FALSE,314,310,322,38114,38095,38109,30001594,18501977,49.98,0.85
1,1,0,1,FALSE,FALSE,1,FALSE,FALSE,FALSE,FALSE,317,320,319,38090,38115,38106,30000212,18500693,50,0.86
1,1,0,1,FALSE,FALSE,1,FALSE,FALSE,FALSE,FALSE,323,312,314,38111,38120,38110,30000924,18501900,50.01,0.85
1,1,0,1,FALSE,FALSE,1,FALSE,FALSE,FALSE,FALSE,319,320,318,38092,38095,38092,30000554,18501723,49.97,0.87
1,1,0,1,FALSE,FALSE,1,FALSE,FALSE,FALSE,FALSE,310,321,311,38100,38094,38095,30001434,18501249,50,0.85
1,1,0,1,FALSE,FALSE,1,FALSE,FALSE,FALSE,FALSE,318,314,322,38114,38097,38113,30001185,18500459,50.04,0.87
1,1,0,1,FALSE,FALSE,1,FALSE,FALSE,FALSE,FALSE,315,313,316,38103,38111,38105,30000907,18500000,50,0.86
1,1,0,1,FALSE,FALSE,1,FALSE,FALSE,FALSE,FALSE,317,311,309,38093,38116,38092,30000723,18500107,50.04,0.85
1,1,0,1,FALSE,FALSE,1,FALSE,FALSE,FALSE,FALSE,321,315,314,38091,38115,38104,30001627,18501158,49.96,0.86
1,1,0,1,FALSE,FALSE,1,FALSE,FALSE,FALSE,FALSE,313,320,311,38113,38102,38107,30001915,18501939,49.97,0.87
1,1,0,1,FALSE,FALSE,1,FALSE,FALSE,FALSE,FALSE,313,316,312,38113,38117,38118,30001582,18501424,50.01,0.85
1,1,0,1,FALSE,FALSE,1,FALSE,FALSE,FALSE,FALSE,312,316,310,38106,38092,38109,30001402,18501015,49.99,0.84
1,1,0,1,FALSE,FALSE,1,FALSE,FALSE,FALSE,FALSE,309,314,312,38107,38115,38109,30001226,18501732,50.02,0.83
1,1,0,1,FALSE,FALSE,1,FALSE,FALSE,FALSE,FALSE,318,311,309,38103,38109,38116,30000536,18500788,49.98,0.83
1,1,0,1,FALSE,FALSE,1,FALSE,FALSE,FALSE,FALSE,309,316,309,38116,38116,38116,30001203,18500238,50.04,0.85
1,1,0,1,FALSE,FALSE,1,FALSE,FALSE,FALSE,FALSE,320,314,311,38103,38113,38115,30001907,18501590,50,0.86
1,1,0,1,FALSE,FALSE,1,FALSE,FALSE,FALSE,FALSE,310,315,318,38094,38117,38114,30000659,18501561,49.99,0.84
1,1,0,1,FALSE,FALSE,1,FALSE,FALSE,FALSE,FALSE,314,315,322,38097,38112,38090,30001190,18500767,49.99,0.83
1,1,0,1,FALSE,FALSE,1,FALSE,FALSE,FALSE,FALSE,316,318,312,38099,38105,38120,30000433,18501618,49.98,0.87
1,1,0,1,FALSE,FALSE,1,FALSE,FALSE,FALSE,FALSE,319,317,316,38106,38120,38110,30001511,18500736,50.05,0.85
1,1,0,1,FALSE,FALSE,1,FALSE,FALSE,FALSE,FALSE,318,317,320,38113,38100,38111,30001411,18500394,49.95,0.87
1,1,0,1,FALSE,FALSE,1,FALSE,FALSE,FALSE,FALSE,321,312,313,38114,38115,38113,30001061,18501327,50,0.84
1,1,0,1,FALSE,FALSE,1,FALSE,FALSE,FALSE,FALSE,311,318,309,38115,38110,38098,30001990,18501550,50.04,0.83
1,1,0,1,FALSE,FALSE,1,FALSE,FALSE,FALSE,FALSE,315,320,316,38112,38109,38120,30000540,18500859,49.95,0.83
1,1,0,1,FALSE,FALSE,1,FALSE,FALSE,FALSE,FALSE,317,310,323,38111,38103,38110,30001483,18500973,50.05,0.84
1,1,0,1,FALSE,FALSE,1,FALSE,FALSE,FALSE,FALSE,308,317,321,38092,38117,38096,30001344,18500254,49.97,0.85
1,1,0,1,FALSE,FALSE,1,FALSE,FALSE,FALSE,FALSE,308,319,312,38117,38100,38102,30000579,18501842,49.99,0.87
1,1,0,1,FALSE,FALSE,1,FALSE,FALSE,FALSE,FALSE,312,312,319,38094,38110,38117,30001045,18500473,50.01,0.85
1,1,0,1,FALSE,FALSE,1,FALSE,FALSE,FALSE,FALSE,316,321,311,38114,38114,38111,30000688,18501061,50.03,0.83
1,1,0,1,FALSE,FALSE,1,FALSE,FALSE,FALSE,FALSE,323,317,316,38095,38093,38108,30001861,18500043,49.95,0.85
1,1,0,1,FALSE,FALSE,1,FALSE,FALSE,FALSE,FALSE,319,319,321,38115,38098,38116,30000414,18501491,50.03,0.87
1,1,0,1,FALSE,FALSE,1,FALSE,FALSE,FALSE,FALSE,321,308,319,38114,38110,38118,30001303,18501641,50.01,0.87
1,1,0,1,FALSE,FALSE,1,FALSE,FALSE,FALSE,FALSE,313,320,319,38101,38106,38100,30000704,18500202,49.96,0.85
1,1,0,1,FALSE,FALSE,1,FALSE,FALSE,FALSE,FALSE,318,315,309,38104,38116,38090,30001677,18501261,49.99,0.85
1,1,0,1,FALSE,FALSE,1,FALSE,FALSE,FALSE,FALSE,311,309,315,38116,38095,38110,30000481,18500181,49.99,0.85
1,1,0,1,FALSE,FALSE,1,FALSE,FALSE,FALSE,FALSE,315,313,314,38109,38110,38103,30000393,18501994,50.04,0.85
1,1,0,1,FALSE,FALSE,1,FALSE,FALSE,FALSE,FALSE,313,316,315,38098,38106,38112,30001232,18501552,49.95,0.84
1,1,0,1,FALSE,FALSE,1,FALSE,FALSE,FALSE,FALSE,318,321,321,38112,38110,38119,30000356,18500096,50.01,0.87
1,1,0,1,FALSE,FALSE,1,FALSE,FALSE,FALSE,FALSE,318,312,313,38102,38120,38120,30000222,18500405,49.95,0.85
1,1,0,1,FALSE,FALSE,1,FALSE,FALSE,FALSE,FALSE,316,309,316,38104,38120,38101,30000639,18501536,50.01,0.85
1,1,0,1,FALSE,FALSE,1,FALSE,FALSE,FALSE,FALSE,316,317,321,38113,38120,38102,30000948,18500655,49.97,0.83
1,1,0,1,FALSE,FALSE,1,FALSE,FALSE,FALSE,FALSE,319,323,310,38094,38090,38120,30000733,18501045,49.96,0.86
1,1,0,1,FALSE,FALSE,1,FALSE,FALSE,FALSE,FALSE,314,318,309,38110,38116,38098,30000969,18501485,50,0.84
1,1,0,1,FALSE,FALSE,1,FALSE,FALSE,FALSE,FALSE,314,323,310,38114,38097,38119,30001946,18501219,50.02,0.84
1,1,0,1,FALSE,FALSE,1,FALSE,FALSE,FALSE,FALSE,319,319,313,38111,38103,38117,30001808,18501545,50,0.87
1,1,0,1,FALSE,FALSE,1,FALSE,FALSE,FALSE,FALSE,319,319,316,38119,38116,38099,30001945,18501504,49.96,0.83
1,1,0,1,FALSE,FALSE,1,FALSE,FALSE,FALSE,FALSE,313,319,316,38107,38103,38118,30000209,18501620,49.98,0.86
1,1,0,1,FALSE,FALSE,1,FALSE,FALSE,FALSE,FALSE,318,321,323,38118,38095,38118,30000105,18500329,49.98,0.83
1,1,0,1,FALSE,FALSE,1,FALSE,FALSE,FALSE,FALSE,321,312,312,38091,38097,38095,30001275,18501703,50.01,0.86
1,1,0,1,FALSE,FALSE,1,FALSE,FALSE,FALSE,FALSE,312,314,319,38106,38100,38093,30000634,18501686,49.96,0.85
1,1,0,1,FALSE,FALSE,1,FALSE,FALSE,FALSE,FALSE,313,313,322,38090,38099,38094,30000426,18500661,50.03,0.83
1,1,0,1,FALSE,FALSE,1,FALSE,FALSE,FALSE,FALSE,320,309,316,38117,38101,38094,30000977,18500866,49.95,0.85
1,1,0,1,FALSE,FALSE,1,FALSE,FALSE,FALSE,FALSE,309,320,319,38094,38107,38093,30000509,18500685,50.04,0.87
1,1,0,1,FALSE,FALSE,1,FALSE,FALSE,FALSE,FALSE,320,310,319,38113,38105,38099,30001812,18501194,50.05,0.87
1,1,0,1,FALSE,FALSE,1,FALSE,FALSE,FALSE,FALSE,313,313,311,38105,38098,38103,30000697,18500925,49.98,0.84
1,1,0,1,FALSE,FALSE,1,FALSE,FALSE,FALSE,FALSE,315,318,316,38100,38116,38092,30001563,18501687,49.97,0.83
1,1,0,1,FALSE,FALSE,1,FALSE,FALSE,FALSE,FALSE,318,320,310,38109,38108,38099,30000552,18501385,49.95,0.86
1,1,0,1,FALSE,FALSE,1,FALSE,FALSE,FALSE,FALSE,316,312,312,38111,38109,38092,30001903,18500156,49.96,0.84
1,1,0,1,FALSE,FALSE,1,FALSE,FALSE,FALSE,FALSE,313,322,308,38120,38101,38096,30001957,18500286,49.96,0.83
1,1,0,1,FALSE,FALSE,1,FALSE,FALSE,FALSE,FALSE,317,315,308,38116,38118,38098,30000886,18501316,50.04,0.83
1,1,0,1,FALSE,FALSE,1,FALSE,FALSE,FALSE,FALSE,309,316,313,38115,38107,38090,30001631,18500095,49.97,0.84
1,1,0,1,FALSE,FALSE,1,FALSE,FALSE,FALSE,FALSE,317,322,319,38100,38091,38112,30000944,18500583,50.01,0.83
1,1,0,1,FALSE,FALSE,1,FALSE,FALSE,FALSE,FALSE,309,312,308,38109,38104,38098,30001719,18501830,49.96,0.85
1,1,0,1,FALSE,FALSE,1,FALSE,FALSE,FALSE,FALSE,320,321,309,38095,38099,38100,30001686,18500159,50.01,0.85
1,1,0,1,FALSE,FALSE,1,FALSE,FALSE,FALSE,FALSE,318,317,313,38111,38100,38104,30000322,18500477,50.04,0.83
1,1,0,1,FALSE,FALSE,1,FALSE,FALSE,FALSE,FALSE,317,320,315,38099,38100,38109,30001842,18501145,50.04,0.84
1,1,0,1,FALSE,FALSE,1,FALSE,FALSE,FALSE,FALSE,320,316,315,38092,38118,38093,30000758,18501614,49.98,0.83
1,1,0,1,FALSE,FALSE,1,FALSE,FALSE,FALSE,FALSE,308,309,319,38100,38120,38099,30001815,18500307,49.95,0.85
1,1,0,1,FALSE,FALSE,1,FALSE,FALSE,FALSE,FALSE,311,313,309,38100,38094,38105,30000921,18500271,50.03,0.83
1,1,0,1,FALSE,FALSE,1,FALSE,FALSE,FALSE,FALSE,319,315,315,38120,38115,38117,30000879,18500081,49.98,0.87
1,1,0,1,FALSE,FALSE,1,FALSE,FALSE,FALSE,FALSE,314,313,309,38090,38101,38098,30001437,18501262,50.04,0.84
1,1,0,1,FALSE,FALSE,1,FALSE,FALSE,FALSE,FALSE,318,316,315,38120,38090,38098,30000563,18500296,50.05,0.83
1,1,0,1,FALSE,FALSE,1,FALSE,FALSE,FALSE,FALSE,323,323,321,38120,38114,38111,30000164,18501996,50.03,0.87
1,1,0,1,FALSE,FALSE,1,FALSE,FALSE,FALSE,FALSE,321,313,309,38093,38095,38113,30001254,18500510,49.99,0.85
1,1,0,1,FALSE,FALSE,1,FALSE,FALSE,FALSE,FALSE,313,315,320,38104,38114,38090,30000394,18500692,49.99,0.83
1,1,0,1,FALSE,FALSE,1,FALSE,FALSE,FALSE,FALSE,316,321,310,38091,38114,38104,30001794,18500602,50.04,0.86
1,1,0,1,FALSE,FALSE,1,FALSE,FALSE,FALSE,FALSE,320,312,321,38119,38090,38094,30000151,18500990,50.03,0.83
1,1,0,1,FALSE,FALSE,1,FALSE,FALSE,FALSE,FALSE,309,319,317,38106,38098,38115,30001515,18501648,49.99,0.87
1,1,0,1,FALSE,FALSE,1,FALSE,FALSE,FALSE,FALSE,320,318,309,38092,38109,38100,30000642,18500793,49.97,0.84
1,1,0,1,FALSE,FALSE,1,FALSE,FALSE,FALSE,FALSE,320,316,315,38103,38109,38100,30001173,18500838,49.98,0.84
1,1,0,1,FALSE,FALSE,1,FALSE,FALSE,FALSE,FALSE,312,318,318,38109,38107,38091,30001361,18501247,50.01,0.86
1,1,0,1,FALSE,FALSE,1,FALSE,FALSE,FALSE,FALSE,321,310,309,38118,38103,38104,30000413,18501230,49.95,0.87
1,1,0,1,FALSE,FALSE,1,FALSE,FALSE,FALSE,FALSE,311,308,313,38106,38112,38096,30001965,18501753,49.95,0.85
1,1,0,1,FALSE,FALSE,1,FALSE,FALSE,FALSE,FALSE,311,309,318,38098,38103,38091,30000108,18501957,49.95,0.83
1,1,0,1,FALSE,FALSE,1,FALSE,FALSE,FALSE,FALSE,312,320,309,38120,38096,38099,30001146,18501963,50,0.85
1,1,0,1,FALSE,FALSE,1,FALSE,FALSE,FALSE,FALSE,310,318,315,38097,38119,38101,30001074,18500710,50.03,0.85
1,1,0,1,FALSE,FALSE,1,FALSE,FALSE,FALSE,FALSE,315,319,309,38108,38094,38109,30001477,18500646,50,0.83
1,1,0,1,FALSE,FALSE,1,FALSE,FALSE,FALSE,FALSE,315,323,317,38097,38106,38100,30000044,18500412,50.03,0.85
1,1,0,1,FALSE,FALSE,1,FALSE,FALSE,FALSE,FALSE,320,314,316,38106,38117,38101,30001880,18500229,50.03,0.84
1,1,0,1,FALSE,FALSE,1,FALSE,FALSE,FALSE,FALSE,309,313,311,38108,38096,38099,30000414,18500097,49.98,0.85
1,1,0,1,FALSE,FALSE,1,FALSE,FALSE,FALSE,FALSE,315,317,321,38120,38092,38104,30000747,18500445,50.03,0.85
1,1,0,1,FALSE,FALSE,1,FALSE,FALSE,FALSE,FALSE,321,311,310,38117,38104,38099,30000534,18501180,49.99,0.85
1,1,0,1,FALSE,FALSE,1,FALSE,FALSE,FALSE,FALSE,316,313,318,38108,38099,38096,30000368,18501139,49.96,0.83
1,1,0,1,FALSE,FALSE,1,FALSE,FALSE,FALSE,FALSE,312,316,316,38114,38114,38096,30001119,18500459,49.98,0.86
1,1,0,1,FALSE,FALSE,1,FALSE,FALSE,FALSE,FALSE,315,316,321,38101,38110,38096,30000186,18500982,50,0.87
1,1,0,1,FALSE,FALSE,1,FALSE,FALSE,FALSE,FALSE,310,314,311,38091,38119,38095,30001737,18501828,50.02,0.83
1,1,0,1,FALSE,FALSE,1,FALSE,FALSE,FALSE,FALSE,309,317,312,38096,38107,38090,30001112,18500964,50.04,0.84
1,1,0,1,FALSE,FALSE,1,FALSE,FALSE,FALSE,FALSE,321,311,312,38109,38119,38093,30000554,18500195,50.04,0.83
1,1,0,1,FALSE,FALSE,1,FALSE,FALSE,FALSE,FALSE,313,312,321,38096,38102,38100,30000191,18501957,50.04,0.87
1,1,0,1,FALSE,FALSE,1,FALSE,FALSE,FALSE,FALSE,315,320,322,38098,38094,38115,30000789,18500501,50,0.85
1,1,0,1,FALSE,FALSE,1,FALSE,FALSE,FALSE,FALSE,323,317,320,38104,38097,38117,30000291,18500455,50.05,0.83
1,1,0,1,FALSE,FALSE,1,FALSE,FALSE,FALSE,FALSE,323,317,316,38119,38106,38117,30001460,18501354,49.99,0.85
1,1,0,1,FALSE,FALSE,1,FALSE,FALSE,FALSE,FALSE,313,315,313,38095,38113,38106,30000465,18501623,50.01,0.85
1,1,0,1,FALSE,FALSE,1,FALSE,FALSE,FALSE,FALSE,323,319,322,38117,38101,38095,30001630,18500748,49.95,0.85
1,1,0,1,FALSE,FALSE,1,FALSE,FALSE,FALSE,FALSE,323,321,311,38112,38115,38097,30000657,18501092,49.98,0.87
1,1,0,1,FALSE,FALSE,1,FALSE,FALSE,FALSE,FALSE,318,314,318,38093,38100,38096,30000014,18500142,50.03,0.86
1,1,0,1,FALSE,FALSE,1,FALSE,FALSE,FALSE,FALSE,321,313,308,38101,38090,38114,30000454,18501598,50,0.87
1,1,0,1,FALSE,FALSE,1,FALSE,FALSE,FALSE,FALSE,310,322,319,38098,38107,38092,30001560,18500735,50.02,0.85
1,1,0,1,FALSE,FALSE,1,FALSE,FALSE,FALSE,FALSE,322,313,319,38105,38092,38095,30001486,18501010,50,0.87
1,1,0,1,FALSE,FALSE,1,FALSE,FALSE,FALSE,FALSE,312,310,316,38096,38101,38118,30000609,18500177,50.05,0.84
1,1,0,1,FALSE,FALSE,1,FALSE,FALSE,FALSE,FALSE,319,310,313,38091,38111,38098,30001819,18500228,50.04,0.84
1,1,0,1,FALSE,FALSE,1,FALSE,FALSE,FALSE,FALSE,322,313,312,38113,38095,38102,30000098,18500968,50.03,0.85
1,1,0,1,FALSE,FALSE,1,FALSE,FALSE,FALSE,FALSE,314,322,317,38094,38116,38116,30001252,18501904,49.96,0.86
1,1,0,1,FALSE,FALSE,1,FALSE,FALSE,FALSE,FALSE,312,310,309,38107,38117,38100,30000902,18500043,50.03,0.83
1,1,0,1,FALSE,FALSE,1,FALSE,FALSE,FALSE,FALSE,321,321,318,38115,38097,38115,30001268,18500917,50,0.85
1,1,0,1,FALSE,FALSE,1,FALSE,FALSE,FALSE,FALSE,309,309,319,38119,38102,38111,30000456,18500231,50,0.87
1,1,0,1,FALSE,FALSE,1,FALSE,FALSE,FALSE,FALSE,317,311,312,38103,38110,38118,30001465,18501922,50.05,0.87
1,1,0,1,FALSE,FALSE,1,FALSE,FALSE,FALSE,FALSE,312,315,311,38109,38116,38114,30000139,18500352,50.03,0.84
1,1,0,1,FALSE,FALSE,1,FALSE,FALSE,FALSE,FALSE,308,309,316,38100,38093,38101,30000802,18500189,50.03,0.85
1,1,0,1,FALSE,FALSE,1,FALSE,FALSE,FALSE,FALSE,313,323,322,38096,38117,38113,30001067,18500817,50.02,0.85
1,1,0,1,FALSE,FALSE,1,FALSE,FALSE,FALSE,FALSE,318,311,308,38095,38092,38103,30000902,18500144,49.98,0.84
1,1,0,1,FALSE,FALSE,1,FALSE,FALSE,FALSE,FALSE,314,316,320,38093,38114,38119,30001315,18500866,50.03,0.83
1,1,0,1,FALSE,FALSE,1,FALSE,FALSE,FALSE,FALSE,320,312,308,38097,38092,38112,30001743,18501269,50.05,0.85
1,1,0,1,FALSE,FALSE,1,FALSE,FALSE,FALSE,FALSE,318,322,312,38108,38109,38095,30001481,18501342,50.02,0.84
1,1,0,1,FALSE,FALSE,1,FALSE,FALSE,FALSE,FALSE,320,310,318,38109,38113,38113,30000748,18501393,49.97,0.87
1,1,0,1,FALSE,FALSE,1,FALSE,FALSE,FALSE,FALSE,309,316,322,38098,38118,38119,30001297,18501458,49.99,0.85
1,1,0,1,FALSE,FALSE,1,FALSE,FALSE,FALSE,FALSE,309,313,315,38105,38116,38110,30001029,18501189,50,0.83
1,1,0,1,FALSE,FALSE,1,FALSE,FALSE,FALSE,FALSE,315,323,312,38106,38100,38109,30000536,18501800,50,0.84
1,1,0,1,FALSE,FALSE,1,FALSE,FALSE,FALSE,FALSE,321,308,314,38095,38097,38120,30000586,18500197,49.97,0.86
1,1,0,1,FALSE,FALSE,1,FALSE,FALSE,FALSE,FALSE,314,322,318,38105,38105,38098,30001598,18500400,50.04,0.87
1,1,0,1,FALSE,FALSE,1,FALSE,FALSE,FALSE,FALSE,316,323,312,38109,38094,38118,30000511,18501631,50,0.86
1,1,0,1,FALSE,FALSE,1,FALSE,FALSE,FALSE,FALSE,316,318,317,38112,38100,38094,30001710,18501885,50.04,0.85
1,1,0,1,FALSE,FALSE,1,FALSE,FALSE,FALSE,FALSE,321,322,309,38103,38096,38110,30001300,18500578,49.98,0.85
1,1,0,1,FALSE,FALSE,1,FALSE,FALSE,FALSE,FALSE,319,317,310,38118,38111,38101,30000949,18501065,50.05,0.84
1,1,0,1,FALSE,FALSE,1,FALSE,FALSE,FALSE,FALSE,318,316,319,38111,38110,38115,30001649,18501890,50.05,0.87
1,1,0,1,FALSE,FALSE,1,FALSE,FALSE,FALSE,FALSE,318,308,309,38103,38119,38107,30000693,18501393,50.03,0.86
1,1,0,1,FALSE,FALSE,1,FALSE,FALSE,FALSE,FALSE,311,316,309,38107,38114,38120,30001512,18501552,49.99,0.85
1,1,0,1,FALSE,FALSE,1,FALSE,FALSE,FALSE,FALSE,310,313,321,38104,38120,38095,30001771,18501459,50.01,0.85
1,1,0,1,FALSE,FALSE,1,FALSE,FALSE,FALSE,FALSE,317,317,316,38094,38109,38101,30000504,18501600,49.97,0.85
1,1,0,1,FALSE,FALSE,1,FALSE,FALSE,FALSE,FALSE,317,319,320,38109,38107,38120,30000097,18501870,49.99,0.83
1,1,0,1,FALSE,FALSE,1,FALSE,FALSE,FALSE,FALSE,314,310,312,38100,38108,38119,30000425,18501144,49.96,0.84
1,1,0,1,FALSE,FALSE,1,FALSE,FALSE,FALSE,FALSE,318,313,318,38105,38095,38110,30001918,18501043,49.98,0.84
1,1,0,1,FALSE,FALSE,1,FALSE,FALSE,FALSE,FALSE,311,316,314,38106,38106,38106,30000195,18500923,49.98,0.83
1,1,0,1,FALSE,FALSE,1,FALSE,FALSE,FALSE,FALSE,317,319,320,38093,38104,38107,30000580,18500447,49.97,0.87
1,1,0,1,FALSE,FALSE,1,FALSE,FALSE,FALSE,FALSE,315,313,321,38097,38106,38112,30000198,18501515,49.98,0.85
1,1,0,1,FALSE,FALSE,1,FALSE,FALSE,FALSE,FALSE,320,314,312,38099,38112,38117,30001989,18501515,49.99,0.86
1,1,0,1,FALSE,FALSE,1,FALSE,FALSE,FALSE,FALSE,321,321,310,38100,38097,38103,30000649,18500156,50,0.83
1,1,0,1,FALSE,FALSE,1,FALSE,FALSE,FALSE,FALSE,318,323,323,38098,38113,38092,30001603,18501307,50.05,0.85
1,1,0,1,FALSE,FALSE,1,FALSE,FALSE,FALSE,FALSE,319,318,315,38119,38103,38099,30000174,18500196,49.99,0.84
1,1,0,1,FALSE,FALSE,1,FALSE,FALSE,FALSE,FALSE,312,321,322,38109,38115,38117,30000823,18501859,50.02,0.83
1,1,0,1,FALSE,FALSE,1,FALSE,FALSE,FALSE,FALSE,308,311,318,38108,38110,38108,30001142,18501334,49.97,0.87
1,1,0,1,FALSE,FALSE,1,FALSE,FALSE,FALSE,FALSE,312,311,315,38102,38101,38099,30001281,18500408,50.02,0.85
1,1,0,1,FALSE,FALSE,1,FALSE,FALSE,FALSE,FALSE,311,318,313,38119,38094,38094,30000686,18500251,50.05,0.83
1,1,0,1,FALSE,FALSE,1,FALSE,FALSE,FALSE,FALSE,322,309,308,38097,38104,38103,30000796,18500620,50.04,0.86
1,1,0,1,FALSE,FALSE,1,FALSE,FALSE,FALSE,FALSE,311,312,317,38116,38116,38119,30001131,18500845,50.05,0.83
1,1,0,1,FALSE,FALSE,1,FALSE,FALSE,FALSE,FALSE,319,318,319,38091,38104,38103,30001150,18500141,50.05,0.85
1,1,0,1,FALSE,FALSE,1,FALSE,FALSE,FALSE,FALSE,311,316,316,38102,38090,38090,30000842,18500346,50.01,0.86
1,1,0,1,FALSE,FALSE,1,FALSE,FALSE,FALSE,FALSE,322,313,321,38101,38096,38108,30001208,18501667,50.03,0.85
1,1,0,1,FALSE,FALSE,1,FALSE,FALSE,FALSE,FALSE,315,316,322,38116,38110,38106,30001981,18501764,49.95,0.85
1,1,0,1,FALSE,FALSE,1,FALSE,FALSE,FALSE,FALSE,311,316,316,38091,38102,38102,30000593,18500741,50.05,0.83
1,1,0,1,FALSE,FALSE,1,FALSE,FALSE,FALSE,FALSE,313,317,316,38106,38120,38097,30000091,18501906,49.95,0.86
1,1,0,1,FALSE,FALSE,1,FALSE,FALSE,FALSE,FALSE,311,319,321,38105,38092,38096,30000796,18501084,49.96,0.87
1,1,0,1,FALSE,FALSE,1,FALSE,FALSE,FALSE,FALSE,314,320,320,38107,38102,38100,30000800,18500798,50.01,0.86
1,1,0,1,FALSE,FALSE,1,FALSE,FALSE,FALSE,FALSE,317,311,314,38095,38116,38095,30001254,18501106,49.96,0.83
1,1,0,1,FALSE,FALSE,1,FALSE,FALSE,FALSE,FALSE,311,319,321,38105,38101,38106,30000341,18500102,49.99,0.86
1,1,0,1,FALSE,FALSE,1,FALSE,FALSE,FALSE,FALSE,315,310,314,38092,38108,38114,30001264,18500432,49.99,0.83
1,1,0,1,FALSE,FALSE,1,FALSE,FALSE,FALSE,FALSE,315,323,310,38098,38120,38111,30001652,18500559,49.98,0.86
1,1,0,1,FALSE,FALSE,1,FALSE,FALSE,FALSE,FALSE,314,312,318,38115,38110,38091,30001113,18500619,50.05,0.84
1,1,0,1,FALSE,FALSE,1,FALSE,FALSE,FALSE,FALSE,313,311,322,38105,38104,38091,30000324,18501419,50.05,0.85
1,1,0,1,FALSE,FALSE,1,FALSE,FALSE,FALSE,FALSE,309,312,316,38107,38113,38117,30000138,18501373,50.04,0.86
1,1,0,1,FALSE,FALSE,1,FALSE,FALSE,FALSE,FALSE,319,322,318,38096,38120,38120,30001273,18500737,49.96,0.87
1,1,0,1,FALSE,FALSE,1,FALSE,FALSE,FALSE,FALSE,315,309,314,38108,38117,38098,30000384,18501179,50.01,0.85
1,1,0,1,FALSE,FALSE,1,FALSE,FALSE,FALSE,FALSE,312,323,308,38105,38110,38114,30001141,18501870,50.02,0.87
1,1,0,1,FALSE,FALSE,1,FALSE,FALSE,FALSE,FALSE,318,318,319,38108,38108,38095,30001626,18500503,49.95,0.87
1,1,0,1,FALSE,FALSE,1,FALSE,FALSE,FALSE,FALSE,308,311,319,38108,38120,38103,30001058,18500616,49.99,0.83
1,1,0,1,FALSE,FALSE,1,FALSE,FALSE,FALSE,FALSE,319,322,319,38093,38103,38105,30000652,18500029,49.95,0.86
1,1,0,1,FALSE,FALSE,1,FALSE,FALSE,FALSE,FALSE,308,310,308,38100,38113,38095,30000437,18500934,50.05,0.85
1,1,0,1,FALSE,FALSE,1,FALSE,FALSE,FALSE,FALSE,319,321,317,38119,38112,38107,30000486,18501355,50,0.84
1,1,0,1,FALSE,FALSE,1,FALSE,FALSE,FALSE,FALSE,313,318,320,38091,38105,38092,30001664,18501651,50.03,0.85
1,1,0,1,FALSE,FALSE,1,FALSE,FALSE,FALSE,FALSE,318,312,315,38091,38110,38118,30001222,18500071,49.96,0.84
1,1,0,1,FALSE,FALSE,1,FALSE,FALSE,FALSE,FALSE,310,313,308,38102,38115,38095,30001553,18501342,50.04,0.84
1,1,0,1,FALSE,FALSE,1,FALSE,FALSE,FALSE,FALSE,308,322,317,38091,38106,38105,30001949,18500375,50.02,0.84
1,1,0,1,FALSE,FALSE,1,FALSE,FALSE,FALSE,FALSE,309,315,319,38102,38105,38115,30000548,18501561,50.04,0.87
1,1,0,1,FALSE,FALSE,1,FALSE,FALSE,FALSE,FALSE,321,321,319,38099,38109,38091,30000182,18500403,49.99,0.86
1,1,0,1,FALSE,FALSE,1,FALSE,FALSE,FALSE,FALSE,318,319,321,38094,38118,38112,30000050,18500404,49.95,0.85
1,1,0,1,FALSE,FALSE,1,FALSE,FALSE,FALSE,FALSE,314,321,309,38101,38090,38102,30000706,18501323,49.95,0.87
1,1,0,1,FALSE,FALSE,1,FALSE,FALSE,FALSE,FALSE,319,313,314,38104,38105,38095,30000056,18500156,50.04,0.87
1,1,0,1,FALSE,FALSE,1,FALSE,FALSE,FALSE,FALSE,314,319,313,38094,38118,38111,30000538,18500264,50.03,0.85
1,1,0,1,FALSE,FALSE,1,FALSE,FALSE,FALSE,FALSE,319,315,311,38116,38100,38096,30000649,18501089,50.03,0.87
1,1,0,1,FALSE,FALSE,1,FALSE,FALSE,FALSE,FALSE,320,311,318,38093,38093,38101,30001304,18500992,50.02,0.87
1,1,0,1,FALSE,FALSE,1,FALSE,FALSE,FALSE,FALSE,318,308,318,38091,38094,38113,30001108,18501903,50.03,0.87
1,1,0,1,FALSE,FALSE,1,FALSE,FALSE,FALSE,FALSE,323,309,316,38120,38109,38090,30001746,18501560,50,0.87
1,1,0,1,FALSE,FALSE,1,FALSE,FALSE,FALSE,FALSE,318,321,313,38113,38109,38113,30000023,18501507,50,0.84
1,1,0,1,FALSE,FALSE,1,FALSE,FALSE,FALSE,FALSE,319,316,318,38097,38111,38091,30000192,18501395,50.01,0.84
1,1,0,1,FALSE,FALSE,1,FALSE,FALSE,FALSE,FALSE,309,317,322,38101,38117,38104,30000875,18500270,50.03,0.87
1,1,0,1,FALSE,FALSE,1,FALSE,FALSE,FALSE,FALSE,313,319,308,38097,38100,38092,30000857,18501943,49.99,0.85
1,1,0,1,FALSE,FALSE,1,FALSE,FALSE,FALSE,FALSE,313,316,317,38091,38096,38099,30000592,18501969,49.98,0.85
1,1,0,1,FALSE,FALSE,1,FALSE,FALSE,FALSE,FALSE,322,319,309,38110,38118,38109,30001793,18501871,49.97,0.85
1,1,0,1,FALSE,FALSE,1,FALSE,FALSE,FALSE,FALSE,318,319,320,38107,38101,38113,30001612,18500120,50.03,0.84
1,1,0,1,FALSE,FALSE,1,FALSE,FALSE,FALSE,FALSE,323,313,317,38112,38102,38111,30001385,18501781,49.98,0.83
1,1,0,1,FALSE,FALSE,1,FALSE,FALSE,FALSE,FALSE,320,322,310,38093,38095,38105,30000372,18501456,49.98,0.84
1,1,0,1,FALSE,FALSE,1,FALSE,FALSE,FALSE,FALSE,322,314,313,38118,38111,38107,30001086,18500198,50.04,0.86
1,1,0,1,FALSE,FALSE,1,FALSE,FALSE,FALSE,FALSE,314,322,319,38098,38110,38105,30001525,18500373,49.97,0.86
1,1,0,1,FALSE,FALSE,1,FALSE,FALSE,FALSE,FALSE,322,320,316,38119,38108,38106,30001540,18501203,49.98,0.83
1,1,0,1,FALSE,FALSE,1,FALSE,FALSE,FALSE,FALSE,314,317,309,38115,38105,38091,30000857,18501905,50.01,0.86
1,1,0,1,FALSE,FALSE,1,FALSE,FALSE,FALSE,FALSE,310,311,311,38096,38099,38100,30001852,18500249,50.04,0.83
1,1,0,1,FALSE,FALSE,1,FALSE,FALSE,FALSE,FALSE,320,318,318,38106,38112,38108,30001848,18501388,49.98,0.85
1,1,0,1,FALSE,FALSE,1,FALSE,FALSE,FALSE,FALSE,320,311,308,38119,38093,38102,30001586,18501624,50.01,0.85
1,1,0,1,FALSE,FALSE,1,FALSE,FALSE,FALSE,FALSE,316,314,318,38093,38107,38118,30000022,18501266,50.05,0.86
1,1,0,1,FALSE,FALSE,1,FALSE,FALSE,FALSE,FALSE,313,320,322,38111,38093,38098,30001001,18501102,50.01,0.86
1,1,0,1,FALSE,FALSE,1,FALSE,FALSE,FALSE,FALSE,321,314,313,38096,38116,38114,30000690,18501944,49.97,0.87
1,1,0,1,FALSE,FALSE,1,FALSE,FALSE,FALSE,FALSE,311,313,311,38105,38114,38091,30000397,18501625,49.98,0.86
1,1,0,1,FALSE,FALSE,1,FALSE,FALSE,FALSE,FALSE,322,310,321,38120,38106,38120,30001780,18500230,50,0.85
1,1,0,1,FALSE,FALSE,1,FALSE,FALSE,FALSE,FALSE,317,321,314,38114,38095,38104,30001508,18501773,50,0.86
1,1,0,1,FALSE,FALSE,1,FALSE,FALSE,FALSE,FALSE,315,313,311,38111,38117,38096,30000751,18501269,49.99,0.85
1,1,0,1,FALSE,FALSE,1,FALSE,FALSE,FALSE,FALSE,321,313,319,38120,38113,38105,30001390,18500760,50.03,0.83
1,1,0,1,FALSE,FALSE,1,FALSE,FALSE,FALSE,FALSE,319,309,316,38094,38099,38099,30000929,18501131,50.04,0.84
1,1,0,1,FALSE,FALSE,1,FALSE,FALSE,FALSE,FALSE,319,317,315,38093,38108,38100,30000758,18500293,50.03,0.84
1,1,0,1,FALSE,FALSE,1,FALSE,FALSE,FALSE,FALSE,313,318,321,38095,38113,38101,30001925,18501557,50.02,0.86
1,1,0,1,FALSE,FALSE,1,FALSE,FALSE,FALSE,FALSE,313,312,321,38115,38109,38114,30001716,18500603,49.95,0.83
1,1,0,1,FALSE,FALSE,1,FALSE,FALSE,FALSE,FALSE,321,321,318,38101,38115,38095,30000079,18501343,49.96,0.85
1,1,0,1,FALSE,FALSE,1,FALSE,FALSE,FALSE,FALSE,310,312,317,38115,38111,38104,30000808,18501284,50.02,0.86
1,1,0,1,FALSE,FALSE,1,FALSE,FALSE,FALSE,FALSE,312,314,314,38096,38114,38108,30000373,18500586,50.02,0.84
1,1,0,1,FALSE,FALSE,1,FALSE,FALSE,FALSE,FALSE,309,311,321,38117,38094,38093,30000448,18500956,50.02,0.86
1,1,0,1,FALSE,FALSE,1,FALSE,FALSE,FALSE,FALSE,315,318,315,38113,38113,38104,30001607,18501725,50.02,0.83
1,1,0,1,FALSE,FALSE,1,FALSE,FALSE,FALSE,FALSE,317,314,315,38109,38114,38112,30001376,18500693,50.03,0.85
1,1,0,1,FALSE,FALSE,1,FALSE,FALSE,FALSE,FALSE,310,321,315,38091,38100,38093,30000010,18500291,49.99,0.86
1,1,0,1,FALSE,FALSE,1,FALSE,FALSE,FALSE,FALSE,323,317,309,38109,38107,38112,30000807,18500092,49.99,0.83
1,1,0,1,FALSE,FALSE,1,FALSE,FALSE,FALSE,FALSE,319,316,313,38115,38117,38119,30001138,18500320,49.98,0.85
1,1,0,1,FALSE,FALSE,1,FALSE,FALSE,FALSE,FALSE,316,309,320,38108,38099,38099,30000710,18500987,49.96,0.86
1,1,0,1,FALSE,FALSE,1,FALSE,FALSE,FALSE,FALSE,314,312,308,38115,38113,38094,30000474,18500258,49.96,0.86
1,1,0,1,FALSE,FALSE,1,FALSE,FALSE,FALSE,FALSE,309,321,320,38120,38101,38111,30001199,18500961,50.02,0.87
1,1,0,1,FALSE,FALSE,1,FALSE,FALSE,FALSE,FALSE,321,311,320,38106,38106,38101,30001316,18501002,50.01,0.86
1,1,0,1,FALSE,FALSE,1,FALSE,FALSE,FALSE,FALSE,321,320,320,38118,38098,38100,30000763,18500712,49.97,0.85
1,1,0,1,FALSE,FALSE,1,FALSE,FALSE,FALSE,FALSE,322,319,321,38095,38094,38115,30001516,18501322,50.01,0.87
1,1,0,1,FALSE,FALSE,1,FALSE,FALSE,FALSE,FALSE,321,314,319,38114,38113,38107,30001153,18500730,49.99,0.86
1,1,0,1,FALSE,FALSE,1,FALSE,FALSE,FALSE,FALSE,312,314,322,38107,38104,38120,30000339,18500858,49.98,0.83
1,1,0,1,FALSE,FALSE,1,FALSE,FALSE,FALSE,FALSE,315,312,321,38111,38092,38102,30000887,18501130,49.98,0.84
1,1,0,1,FALSE,FALSE,1,FALSE,FALSE,FALSE,FALSE,322,308,323,38101,38093,38119,30000366,18500328,50.03,0.87
1,1,0,1,FALSE,FALSE,1,FALSE,FALSE,FALSE,FALSE,309,321,315,38093,38107,38112,30001096,18500122,49.98,0.86
1,1,0,1,FALSE,FALSE,1,FALSE,FALSE,FALSE,FALSE,313,315,319,38095,38107,38112,30000539,18500323,49.97,0.86
1,1,0,1,FALSE,FALSE,1,FALSE,FALSE,FALSE,FALSE,314,322,323,38111,38107,38101,30000043,18500427,49.95,0.84
1,1,0,1,FALSE,FALSE,1,FALSE,FALSE,FALSE,FALSE,321,320,317,38091,38092,38102,30001044,18500461,49.97,0.83
1,1,0,1,FALSE,FALSE,1,FALSE,FALSE,FALSE,FALSE,314,314,323,38090,38108,38113,30000062,18500585,49.99,0.86
1,1,0,1,FALSE,FALSE,1,FALSE,FALSE,FALSE,FALSE,318,313,310,38101,38117,38120,30001037,18500181,50.02,0.86
1,1,0,1,FALSE,FALSE,1,FALSE,FALSE,FALSE,FALSE,312,310,314,38115,38097,38098,30001580,18501921,49.99,0.83
1,1,0,1,FALSE,FALSE,1,FALSE,FALSE,FALSE,FALSE,312,311,318,38112,38104,38109,30001545,18500932,49.95,0.87
1,1,0,1,FALSE,FALSE,1,FALSE,FALSE,FALSE,FALSE,308,322,312,38093,38098,38103,30000091,18501845,49.96,0.84
1,1,0,1,FALSE,FALSE,1,FALSE,FALSE,FALSE,FALSE,321,318,310,38100,38094,38095,30000987,18500635,49.99,0.86
1,1,0,1,FALSE,FALSE,1,FALSE,FALSE,FALSE,FALSE,310,317,313,38116,38104,38115,30000953,18500037,50.04,0.87
1,1,0,1,FALSE,FALSE,1,FALSE,FALSE,FALSE,FALSE,311,310,319,38099,38108,38114,30001512,18501372,50.01,0.83
1,1,0,1,FALSE,FALSE,1,FALSE,FALSE,FALSE,FALSE,309,322,321,38103,38107,38097,30000883,18500240,49.98,0.83
1,1,0,1,FALSE,FALSE,1,FALSE,FALSE,FALSE,FALSE,319,313,312,38107,38119,38109,30000221,18500089,50.05,0.84
1,1,0,1,FALSE,FALSE,1,FALSE,FALSE,FALSE,FALSE,320,310,316,38096,38092,38101,30000045,18500470,50.03,0.83
1,1,0,1,FALSE,FALSE,1,FALSE,FALSE,FALSE,FALSE,311,321,313,38108,38104,38114,30001812,18500355,49.97,0.83
1,1,0,1,FALSE,FALSE,1,FALSE,FALSE,FALSE,FALSE,311,322,309,38095,38092,38097,30001894,18501272,50.04,0.87
1,1,0,1,FALSE,FALSE,1,FALSE,FALSE,FALSE,FALSE,315,318,323,38092,38108,38100,30000449,18500724,50.04,0.87
1,1,0,1,FALSE,FALSE,1,FALSE,FALSE,FALSE,FALSE,312,321,315,38107,38092,38101,30001811,18500677,49.96,0.87
1,1,0,1,FALSE,FALSE,1,FALSE,FALSE,FALSE,FALSE,316,316,318,38113,38101,38093,30001380,18500706,49.95,0.86
1,1,0,1,FALSE,FALSE,1,FALSE,FALSE,FALSE,FALSE,321,316,315,38102,38095,38118,30000879,18500934,50.01,0.84
1,1,0,1,FALSE,FALSE,1,FALSE,FALSE,FALSE,FALSE,313,313,311,38091,38090,38095,30001119,18500802,49.98,0.86
1,1,0,1,FALSE,FALSE,1,FALSE,FALSE,FALSE,FALSE,314,317,313,38110,38099,38118,30000737,18501421,49.99,0.87
1,1,0,1,FALSE,FALSE,1,FALSE,FALSE,FALSE,FALSE,318,308,313,38107,38091,38095,30000439,18500789,49.99,0.84
1,1,0,1,FALSE,FALSE,1,FALSE,FALSE,FALSE,FALSE,314,314,319,38096,38092,38115,30001801,18500408,49.95,0.85
1,1,0,1,FALSE,FALSE,1,FALSE,FALSE,FALSE,FALSE,316,313,322,38116,38112,38114,30000696,18501857,50.04,0.85
1,1,0,1,FALSE,FALSE,1,FALSE,FALSE,FALSE,FALSE,316,315,318,38108,38104,38105,30001542,18501155,50,0.87
1,1,0,1,FALSE,FALSE,1,FALSE,FALSE,FALSE,FALSE,322,314,309,38116,38101,38111,30000157,18500645,50.04,0.84
1,1,0,1,FALSE,FALSE,1,FALSE,FALSE,FALSE,FALSE,315,318,316,38118,38099,38109,30000821,18500678,49.97,0.86
1,1,0,1,FALSE,FALSE,1,FALSE,FALSE,FALSE,FALSE,319,322,314,38092,38095,38092,30000582,18500473,49.99,0.85
1,1,0,1,FALSE,FALSE,1,FALSE,FALSE,FALSE,FALSE,322,318,322,38097,38097,38098,30001332,18500166,50.01,0.85
1,1,0,1,FALSE,FALSE,1,FALSE,FALSE,FALSE,FALSE,312,317,318,38112,38093,38106,30001082,18501799,50.03,0.86
1,1,0,1,FALSE,FALSE,1,FALSE,FALSE,FALSE,FALSE,312,319,319,38097,38100,38116,30000715,18501390,50.02,0.86
1,1,0,1,FALSE,FALSE,1,FALSE,FALSE,FALSE,FALSE,317,311,317,38096,38104,38118,30000169,18501468,50.02,0.85
1,1,0,1,FALSE,FALSE,1,FALSE,FALSE,FALSE,FALSE,316,309,314,38100,38099,38096,30000682,18500822,49.98,0.86
1,1,0,1,FALSE,FALSE,1,FALSE,FALSE,FALSE,FALSE,316,323,321,38106,38093,38113,30000165,18501392,50.04,0.86
1,1,0,1,FALSE,FALSE,1,FALSE,FALSE,FALSE,FALSE,321,314,318,38109,38111,38091,30001861,18500486,49.95,0.83
1,1,0,1,FALSE,FALSE,1,FALSE,FALSE,FALSE,FALSE,316,310,316,38096,38116,38091,30001467,18501026,49.97,0.84
1,1,0,1,FALSE,FALSE,1,FALSE,FALSE,FALSE,FALSE,323,310,311,38103,38092,38096,30000287,18500658,49.96,0.86
1,1,0,1,FALSE,FALSE,1,FALSE,FALSE,FALSE,FALSE,316,318,312,38101,38117,38106,30001561,18500172,50.03,0.86
1,1,0,1,FALSE,FALSE,1,FALSE,FALSE,FALSE,FALSE,314,317,315,38094,38115,38101,30001671,18500633,49.97,0.87
1,1,0,1,FALSE,FALSE,1,FALSE,FALSE,FALSE,FALSE,313,318,308,38115,38115,38105,30001640,18500060,49.97,0.86
1,1,0,1,FALSE,FALSE,1,FALSE,FALSE,FALSE,FALSE,309,318,318,38111,38110,38103,30001212,18501567,49.99,0.83
1,1,0,1,FALSE,FALSE,1,FALSE,FALSE,FALSE,FALSE,312,308,320,38095,38109,38099,30000275,18501907,50.03,0.87
1,1,0,1,FALSE,FALSE,1,FALSE,FALSE,FALSE,FALSE,319,315,322,38107,38103,38109,30000543,18500993,50.04,0.84
1,1,0,1,FALSE,FALSE,1,FALSE,FALSE,FALSE,FALSE,312,314,321,38098,38109,38101,30000807,18501455,50.02,0.85
1,1,0,1,FALSE,FALSE,1,FALSE,FALSE,FALSE,FALSE,319,320,308,38107,38115,38095,30001954,18500352,50.02,0.86
1,1,0,1,FALSE,FALSE,1,FALSE,FALSE,FALSE,FALSE,316,310,314,38113,38103,38099,30000260,18500823,49.95,0.83
1,1,0,1,FALSE,FALSE,1,FALSE,FALSE,FALSE,FALSE,320,316,309,38101,38111,38115,30000411,18501272,50.02,0.85
1,1,0,1,FALSE,FALSE,1,FALSE,FALSE,FALSE,FALSE,312,315,309,38113,38091,38101,30001964,18500203,49.99,0.85
1,1,0,1,FALSE,FALSE,1,FALSE,FALSE,FALSE,FALSE,318,309,311,38111,38094,38114,30000592,18500452,49.98,0.87
1,1,0,1,FALSE,FALSE,1,FALSE,FALSE,FALSE,FALSE,309,318,311,38118,38100,38116,30000777,18500866,50.02,0.83
1,1,0,1,FALSE,FALSE,1,FALSE,FALSE,FALSE,FALSE,320,310,318,38110,38114,38092,30001799,18500874,50.02,0.84
1,1,0,1,FALSE,FALSE,1,FALSE,FALSE,FALSE,FALSE,319,314,322,38113,38110,38112,30000272,18501383,50.05,0.86
1,1,0,1,FALSE,FALSE,1,FALSE,FALSE,FALSE,FALSE,323,310,315,38106,38091,38100,30001048,18500595,50,0.86
1,1,0,1,FALSE,FALSE,1,FALSE,FALSE,FALSE,FALSE,310,320,312,38094,38099,38097,30000250,18501320,49.99,0.85
1,1,0,1,FALSE,FALSE,1,FALSE,FALSE,FALSE,FALSE,316,310,318,38099,38090,38119,30001579,18501750,50.02,0.86
1,1,0,1,FALSE,FALSE,1,FALSE,FALSE,FALSE,FALSE,318,320,323,38120,38113,38102,30000780,18500024,49.97,0.85
1,1,0,1,FALSE,FALSE,1,FALSE,FALSE,FALSE,FALSE,309,309,323,38112,38092,38094,30001835,18501881,49.95,0.85
1,1,0,1,FALSE,FALSE,1,FALSE,FALSE,FALSE,FALSE,309,311,321,38120,38112,38101,30001030,18500026,50.04,0.83
1,1,0,1,FALSE,FALSE,1,FALSE,FALSE,FALSE,FALSE,310,318,315,38093,38118,38093,30001431,18500111,49.97,0.86
1,1,0,1,FALSE,FALSE,1,FALSE,FALSE,FALSE,FALSE,318,310,310,38096,38091,38119,30001715,18500524,50.03,0.84
1,1,0,1,FALSE,FALSE,1,FALSE,FALSE,FALSE,FALSE,317,312,322,38107,38090,38118,30001529,18500121,49.96,0.86
1,1,0,1,FALSE,FALSE,1,FALSE,FALSE,FALSE,FALSE,315,314,322,38091,38120,38092,30001854,18501941,49.96,0.87
1,1,0,1,FALSE,FALSE,1,FALSE,FALSE,FALSE,FALSE,320,316,313,38105,38097,38093,30001850,18500122,50,0.83
1,1,0,1,FALSE,FALSE,1,FALSE,FALSE,FALSE,FALSE,316,319,308,38117,38096,38099,30001318,18501172,50.03,0.87
1,1,0,1,FALSE,FALSE,1,FALSE,FALSE,FALSE,FALSE,311,316,310,38110,38094,38116,30001165,18501563,49.97,0.86
1,1,0,1,FALSE,FALSE,1,FALSE,FALSE,FALSE,FALSE,316,309,313,38099,38104,38110,30000166,18501077,49.99,0.87
1,1,0,1,FALSE,FALSE,1,FALSE,FALSE,FALSE,FALSE,313,316,321,38115,38092,38119,30001050,18500553,49.99,0.84
1,1,0,1,FALSE,FALSE,1,FALSE,FALSE,FALSE,FALSE,316,322,321,38099,38098,38090,30001678,18500196,50.02,0.84
1,1,0,1,FALSE,FALSE,1,FALSE,FALSE,FALSE,FALSE,321,323,309,38103,38115,38120,30000566,18501246,50,0.87
1,1,0,1,FALSE,FALSE,1,FALSE,FALSE,FALSE,FALSE,312,318,317,38115,38101,38097,30000204,18500649,49.95,0.84
1,1,0,1,FALSE,FALSE,1,FALSE,FALSE,FALSE,FALSE,320,318,317,38110,38098,38120,30000666,18501857,50.04,0.83
1,1,0,1,FALSE,FALSE,1,FALSE,FALSE,FALSE,FALSE,309,316,312,38092,38091,38114,30001338,18501177,49.96,0.87
1,1,0,1,FALSE,FALSE,1,FALSE,FALSE,FALSE,FALSE,321,312,309,38102,38115,38109,30000936,18501974,50.01,0.84
1,1,0,1,FALSE,FALSE,1,FALSE,FALSE,FALSE,FALSE,319,316,310,38116,38110,38119,30001269,18500958,50.04,0.84
1,1,0,1,FALSE,FALSE,1,FALSE,FALSE,FALSE,FALSE,311,311,309,38120,38106,38090,30001855,18501226,49.99,0.84
1,1,0,1,FALSE,FALSE,1,FALSE,FALSE,FALSE,FALSE,310,310,322,38107,38100,38114,30000675,18501283,49.97,0.87
1,1,0,1,FALSE,FALSE,1,FALSE,FALSE,FALSE,FALSE,316,314,311,38114,38090,38101,30001539,18501013,49.97,0.83
1,1,0,1,FALSE,FALSE,1,FALSE,FALSE,FALSE,FALSE,322,322,321,38092,38118,38117,30000737,18500988,50.04,0.85
1,1,0,1,FALSE,FALSE,1,FALSE,FALSE,FALSE,FALSE,312,308,316,38094,38095,38119,30001513,18500894,49.95,0.87
1,1,0,1,FALSE,FALSE,1,FALSE,FALSE,FALSE,FALSE,310,313,311,38104,38106,38118,30000372,18500037,49.99,0.87
1,1,0,1,FALSE,FALSE,1,FALSE,FALSE,FALSE,FALSE,314,313,319,38101,38099,38118,30001862,18500324,49.96,0.85
1,1,0,1,FALSE,FALSE,1,FALSE,FALSE,FALSE,FALSE,311,311,310,38090,38115,38115,30000383,18500020,49.95,0.84
1,1,0,1,FALSE,FALSE,1,FALSE,FALSE,FALSE,FALSE,315,313,322,38097,38098,38104,30000586,18501148,49.97,0.84
1,1,0,1,FALSE,FALSE,1,FALSE,FALSE,FALSE,FALSE,314,321,310,38096,38090,38099,30000362,18501888,50,0.86
1,1,0,1,FALSE,FALSE,1,FALSE,FALSE,FALSE,FALSE,323,317,314,38115,38100,38109,30000016,18501401,49.99,0.86
1,1,0,1,FALSE,FALSE,1,FALSE,FALSE,FALSE,FALSE,321,315,322,38093,38117,38090,30000348,18501952,50,0.87
1,1,0,1,FALSE,FALSE,1,FALSE,FALSE,FALSE,FALSE,313,317,310,38116,38102,38112,30001947,18501512,49.95,0.83
