Circuit breaker Open/Close Status, Disconnector Open/Close Status, Earth switch Open/Close Status, Protection system healthy (Trip circuit healthy), Control level - Local or remote, Protection tripped, Circuit breaker mechanical failure, transformer mechanical failure (over temp), Transformer mechanical failure (over pressure), Tap changer mechanical failure, Auxiliary power failure, Current Line 'L1', Current Line 'L2', Current Line 'L3', Voltage Phase 'L1-N', Voltage Phase 'L2-N', Voltage Phase 'L3-N', Active Power, Reactive power, Frequency, Power Factor1,1,0,1,FALSE,FALSE,1,FALSE,FALSE,FALSE,FALSE,154,158,151,38108,38113,38100,14999385,9250500,50.03,0.86
1,1,0,1,FALSE,FALSE,1,FALSE,FALSE,FALSE,FALSE,159,158,152,38092,38103,38116,14999945,9249968,50.05,0.85
1,1,0,1,FALSE,FALSE,1,FALSE,FALSE,FALSE,FALSE,158,153,149,38104,38107,38120,14999176,9249735,50.03,0.83
1,1,0,1,FALSE,FALSE,1,FALSE,FALSE,FALSE,FALSE,158,150,155,38099,38091,38102,15000080,9250918,50.01,0.86
1,1,0,1,FALSE,FALSE,1,FALSE,FALSE,FALSE,FALSE,153,152,158,38110,38103,38094,14999232,9249810,49.99,0.85
1,1,0,1,FALSE,FALSE,1,FALSE,FALSE,FALSE,FALSE,153,152,159,38090,38103,38099,15000813,9249485,49.99,0.84
1,1,0,1,FALSE,FALSE,1,FALSE,FALSE,FALSE,FALSE,152,149,156,38120,38096,38119,14999250,9249447,50.05,0.87
1,1,0,1,FALSE,FALSE,1,FALSE,FALSE,FALSE,FALSE,158,153,154,38108,38104,38105,14999641,9250667,49.96,0.83
1,1,0,1,FALSE,FALSE,1,FALSE,FALSE,FALSE,FALSE,149,155,152,38097,38094,38104,15000970,9249941,50.03,0.87
1,1,0,1,FALSE,FALSE,1,FALSE,FALSE,FALSE,FALSE,159,150,149,38120,38119,38113,14999428,9250635,49.98,0.83
1,1,0,1,FALSE,FALSE,1,FALSE,FALSE,FALSE,FALSE,149,155,158,38095,38108,38097,14999951,9249916,49.97,0.84
1,1,0,1,FALSE,FALSE,1,FALSE,FALSE,FALSE,FALSE,155,153,156,38102,38107,38095,15000608,9250551,50.03,0.86
1,1,0,1,FALSE,FALSE,1,FALSE,FALSE,FALSE,FALSE,159,154,149,38092,38109,38094,15000916,9249735,50.04,0.83
1,1,0,1,FALSE,FALSE,1,FALSE,FALSE,FALSE,FALSE,154,152,154,38106,38106,38114,14999341,9250409,50.03,0.84
1,1,0,1,FALSE,FALSE,1,FALSE,FALSE,FALSE,FALSE,151,159,157,38095,38104,38111,15000132,9249841,50.04,0.84
1,1,0,1,FALSE,FALSE,1,FALSE,FALSE,FALSE,FALSE,150,149,157,38115,38111,38091,14999572,9250853,49.95,0.85
1,1,0,1,FALSE,FALSE,1,FALSE,FALSE,FALSE,FALSE,150,153,151,38114,38101,38103,15000170,9249482,50.01,0.84
1,1,0,1,FALSE,FALSE,1,FALSE,FALSE,FALSE,FALSE,154,150,158,38111,38091,38119,14999024,9249392,49.96,0.84
1,1,0,1,FALSE,FALSE,1,FALSE,FALSE,FALSE,FALSE,150,157,150,38104,38114,38120,15000347,9250871,50.04,0.87
1,1,0,1,FALSE,FALSE,1,FALSE,FALSE,FALSE,FALSE,157,156,153,38094,38100,38094,15000700,9250741,50.04,0.84
1,1,0,1,FALSE,FALSE,1,FALSE,FALSE,FALSE,FALSE,154,154,151,38110,38113,38120,15000150,9250831,49.98,0.87
1,1,0,1,FALSE,FALSE,1,FALSE,FALSE,FALSE,FALSE,158,154,159,38095,38108,38115,14999454,9249392,50.02,0.83
1,1,0,1,FALSE,FALSE,1,FALSE,FALSE,FALSE,FALSE,159,159,157,38098,38100,38107,15000607,9249025,49.96,0.87
1,1,0,1,FALSE,FALSE,1,FALSE,FALSE,FALSE,FALSE,151,150,153,38113,38106,38095,15000554,9249972,50.02,0.85
1,1,0,1,FALSE,FALSE,1,FALSE,FALSE,FALSE,FALSE,152,151,155,38118,38119,38118,15000391,9250249,49.95,0.87
1,1,0,1,FALSE,FALSE,1,FALSE,FALSE,FALSE,FALSE,158,154,151,38107,38101,38097,15000971,9249020,49.96,0.87
1,1,0,1,FALSE,FALSE,1,FALSE,FALSE,FALSE,FALSE,149,158,159,38116,38104,38110,15000433,9249156,50.04,0.85
1,1,0,1,FALSE,FALSE,1,FALSE,FALSE,FALSE,FALSE,158,159,153,38110,38108,38120,15000934,9249605,50,0.86
1,1,0,1,FALSE,FALSE,1,FALSE,FALSE,FALSE,FALSE,159,153,154,38099,38117,38108,14999124,9249994,49.96,0.87
1,1,0,1,FALSE,FALSE,1,FALSE,FALSE,FALSE,FALSE,156,151,159,38113,38109,38118,14999736,9249875,50.03,0.87
1,1,0,1,FALSE,FALSE,1,FALSE,FALSE,FALSE,FALSE,149,157,158,38102,38102,38105,14999179,9249483,49.95,0.84
1,1,0,1,FALSE,FALSE,1,FALSE,FALSE,FALSE,FALSE,158,149,158,38091,38091,38109,14999791,9249111,50.01,0.86
1,1,0,1,FALSE,FALSE,1,FALSE,FALSE,FALSE,FALSE,159,151,157,38090,38116,38108,14999438,9250421,50,0.85
1,1,0,1,FALSE,FALSE,1,FALSE,FALSE,FALSE,FALSE,153,159,149,38101,38119,38103,14999940,9249011,49.96,0.84
1,1,0,1,FALSE,FALSE,1,FALSE,FALSE,FALSE,FALSE,156,153,152,38105,38108,38097,15000176,9249313,50,0.83
1,1,0,1,FALSE,FALSE,1,FALSE,FALSE,FALSE,FALSE,153,154,149,38097,38094,38094,15000490,9250692,50,0.87
1,1,0,1,FALSE,FALSE,1,FALSE,FALSE,FALSE,FALSE,157,152,158,38091,38107,38105,15000536,9249176,49.98,0.86
1,1,0,1,FALSE,FALSE,1,FALSE,FALSE,FALSE,FALSE,151,159,149,38108,38095,38105,14999637,9250027,50.02,0.83
1,1,0,1,FALSE,FALSE,1,FALSE,FALSE,FALSE,FALSE,152,153,154,38099,38114,38117,15000515,9250412,50.03,0.86
1,1,0,1,FALSE,FALSE,1,FALSE,FALSE,FALSE,FALSE,157,151,151,38102,38095,38111,15000160,9250352,50,0.85
1,1,0,1,FALSE,FALSE,1,FALSE,FALSE,FALSE,FALSE,149,152,152,38109,38117,38115,14999723,9249445,50.01,0.86
1,1,0,1,FALSE,FALSE,1,FALSE,FALSE,FALSE,FALSE,150,149,150,38094,38099,38111,15000714,9250360,49.96,0.83
1,1,0,1,FALSE,FALSE,1,FALSE,FALSE,FALSE,FALSE,153,149,153,38094,38103,38115,14999530,9249375,49.99,0.83
1,1,0,1,FALSE,FALSE,1,FALSE,FALSE,FALSE,FALSE,153,153,149,38120,38094,38120,14999910,9250048,50.03,0.85
1,1,0,1,FALSE,FALSE,1,FALSE,FALSE,FALSE,FALSE,159,152,159,38100,38092,38096,15000506,9250598,50.01,0.85
1,1,0,1,FALSE,FALSE,1,FALSE,FALSE,FALSE,FALSE,159,150,157,38104,38099,38098,14999702,9250592,49.98,0.87
1,1,0,1,FALSE,FALSE,1,FALSE,FALSE,FALSE,FALSE,152,156,153,38093,38097,38106,15000034,9249104,50.02,0.83
1,1,0,1,FALSE,FALSE,1,FALSE,FALSE,FALSE,FALSE,159,156,155,38113,38097,38102,15000058,9250044,50.01,0.87
1,1,0,1,FALSE,FALSE,1,FALSE,FALSE,FALSE,FALSE,154,156,159,38115,38099,38094,15000490,9249894,50.02,0.85
1,1,0,1,FALSE,FALSE,1,FALSE,FALSE,FALSE,FALSE,152,158,155,38096,38118,38104,14999402,9250698,50.05,0.85
1,1,0,1,FALSE,FALSE,1,FALSE,FALSE,FALSE,FALSE,152,151,154,38114,38091,38111,15000213,9249743,50.01,0.83
1,1,0,1,FALSE,FALSE,1,FALSE,FALSE,FALSE,FALSE,158,150,159,38120,38112,38093,14999873,9249422,49.95,0.87
1,1,0,1,FALSE,FALSE,1,FALSE,FALSE,FALSE,FALSE,151,157,151,38092,38100,38095,14999477,9250907,49.99,0.85
1,1,0,1,FALSE,FALSE,1,FALSE,FALSE,FALSE,FALSE,155,158,157,38114,38111,38109,14999847,9250548,49.98,0.83
1,1,0,1,FALSE,FALSE,1,FALSE,FALSE,FALSE,FALSE,149,154,156,38108,38102,38119,14999002,9249140,50.03,0.84
1,1,0,1,FALSE,FALSE,1,FALSE,FALSE,FALSE,FALSE,155,156,157,38103,38110,38105,15000347,9250231,50.04,0.87
1,1,0,1,FALSE,FALSE,1,FALSE,FALSE,FALSE,FALSE,158,156,156,38106,38096,38092,15000984,9249978,50.03,0.84
1,1,0,1,FALSE,FALSE,1,FALSE,FALSE,FALSE,FALSE,155,153,156,38116,38090,38108,14999193,9250929,49.97,0.83
1,1,0,1,FALSE,FALSE,1,FALSE,FALSE,FALSE,FALSE,152,155,154,38110,38098,38116,14999175,9250759,50.05,0.87
1,1,0,1,FALSE,FALSE,1,FALSE,FALSE,FALSE,FALSE,149,154,152,38101,38104,38110,14999398,9250354,49.97,0.83
1,1,0,1,FALSE,FALSE,1,FALSE,FALSE,FALSE,FALSE,150,149,150,38091,38098,38112,14999158,9249101,50.03,0.87
1,1,0,1,FALSE,FALSE,1,FALSE,FALSE,FALSE,FALSE,156,151,159,38094,38114,38095,15000519,9249889,50,0.86
1,1,0,1,FALSE,FALSE,1,FALSE,FALSE,FALSE,FALSE,156,149,150,38108,38099,38094,15000010,9250208,49.97,0.86
1,1,0,1,FALSE,FALSE,1,FALSE,FALSE,FALSE,FALSE,150,159,149,38110,38091,38116,15000444,9250368,50.02,0.83
1,1,0,1,FALSE,FALSE,1,FALSE,FALSE,FALSE,FALSE,150,152,154,38118,38096,38093,14999479,9249049,49.99,0.83
1,1,0,1,FALSE,FALSE,1,FALSE,FALSE,FALSE,FALSE,154,152,159,38097,38101,38099,14999396,9250265,49.95,0.84
1,1,0,1,FALSE,FALSE,1,FALSE,FALSE,FALSE,FALSE,157,156,152,38116,38103,38119,14999185,9249931,50.01,0.83
1,1,0,1,FALSE,FALSE,1,FALSE,FALSE,FALSE,FALSE,156,153,152,38110,38095,38106,14999748,9249543,50,0.85
1,1,0,1,FALSE,FALSE,1,FALSE,FALSE,FALSE,FALSE,151,157,152,38103,38106,38117,14999842,9250220,49.96,0.87
1,1,0,1,FALSE,FALSE,1,FALSE,FALSE,FALSE,FALSE,156,156,154,38102,38110,38099,14999840,9249663,49.99,0.87
1,1,0,1,FALSE,FALSE,1,FALSE,FALSE,FALSE,FALSE,149,152,157,38091,38114,38097,14999341,9250955,50.01,0.85
1,1,0,1,FALSE,FALSE,1,FALSE,FALSE,FALSE,FALSE,150,154,154,38094,38111,38099,14999968,9250337,50.01,0.83
1,1,0,1,FALSE,FALSE,1,FALSE,FALSE,FALSE,FALSE,153,153,154,38110,38098,38095,15000658,9249335,50.05,0.85
1,1,0,1,FALSE,FALSE,1,FALSE,FALSE,FALSE,FALSE,158,159,150,38100,38118,38109,14999974,9250837,49.99,0.87
1,1,0,1,FALSE,FALSE,1,FALSE,FALSE,FALSE,FALSE,159,158,149,38099,38119,38104,15000218,9250946,50.02,0.85
1,1,0,1,FALSE,FALSE,1,FALSE,FALSE,FALSE,FALSE,154,158,154,38103,38091,38108,15000747,9250632,49.98,0.85
1,1,0,1,FALSE,FALSE,1,FALSE,FALSE,FALSE,FALSE,149,153,150,38114,38112,38112,14999860,9249114,50.01,0.86
1,1,0,1,FALSE,FALSE,1,FALSE,FALSE,FALSE,FALSE,151,151,155,38090,38120,38101,15000641,9250977,50.05,0.87
1,1,0,1,FALSE,FALSE,1,FALSE,FALSE,FALSE,FALSE,149,157,152,38103,38097,38120,15000688,9250630,49.96,0.87
1,1,0,1,FALSE,FALSE,1,FALSE,FALSE,FALSE,FALSE,153,152,158,38112,38108,38102,15000794,9250343,49.95,0.84
1,1,0,1,FALSE,FALSE,1,FALSE,FALSE,FALSE,FALSE,157,157,157,38109,38110,38110,14999856,9250618,49.97,0.84
1,1,0,1,FALSE,FALSE,1,FALSE,FALSE,FALSE,FALSE,155,153,152,38120,38113,38104,15000315,9249164,50.04,0.86
1,1,0,1,FALSE,FALSE,1,FALSE,FALSE,FALSE,FALSE,154,158,151,38099,38103,38095,14999218,9249255,50.03,0.86
1,1,0,1,FALSE,FALSE,1,FALSE,FALSE,FALSE,FALSE,150,151,153,38098,38113,38100,15000268,9250068,49.98,0.87
1,1,0,1,FALSE,FALSE,1,FALSE,FALSE,FALSE,FALSE,152,159,158,38093,38114,38116,15000150,9249393,50.05,0.85
1,1,0,1,FALSE,FALSE,1,FALSE,FALSE,FALSE,FALSE,150,149,150,38091,38116,38109,15000175,9249268,50,0.83
1,1,0,1,FALSE,FALSE,1,FALSE,FALSE,FALSE,FALSE,156,150,158,38092,38094,38099,15000201,9250826,50.02,0.86
1,1,0,1,FALSE,FALSE,1,FALSE,FALSE,FALSE,FALSE,153,158,155,38103,38110,38103,15000029,9249967,49.95,0.83
1,1,0,1,FALSE,FALSE,1,FALSE,FALSE,FALSE,FALSE,157,150,154,38119,38113,38117,14999508,9250326,49.96,0.87
1,1,0,1,FALSE,FALSE,1,FALSE,FALSE,FALSE,FALSE,154,155,152,38112,38094,38092,14999784,9249393,50,0.84
1,1,0,1,FALSE,FALSE,1,FALSE,FALSE,FALSE,FALSE,157,149,157,38108,38094,38105,15000001,9249097,50.04,0.84
1,1,0,1,FALSE,FALSE,1,FALSE,FALSE,FALSE,FALSE,157,154,154,38096,38110,38109,15000894,9249218,49.97,0.84
1,1,0,1,FALSE,FALSE,1,FALSE,FALSE,FALSE,FALSE,152,155,150,38113,38102,38103,15000947,9249911,50.01,0.85
1,1,0,1,FALSE,FALSE,1,FALSE,FALSE,FALSE,FALSE,159,152,158,38091,38120,38090,14999685,9249621,49.97,0.85
1,1,0,1,FALSE,FALSE,1,FALSE,FALSE,FALSE,FALSE,149,149,151,38101,38120,38107,14999601,9250601,50.02,0.84
1,1,0,1,FALSE,FALSE,1,FALSE,FALSE,FALSE,FALSE,149,150,155,38094,38099,38102,14999744,9250316,49.95,0.84
1,1,0,1,FALSE,FALSE,1,FALSE,FALSE,FALSE,FALSE,149,153,151,38109,38093,38106,15000857,9250965,49.99,0.87
1,1,0,1,FALSE,FALSE,1,FALSE,FALSE,FALSE,FALSE,157,154,154,38094,38098,38108,15000098,9250204,50.05,0.83
1,1,0,1,FALSE,FALSE,1,FALSE,FALSE,FALSE,FALSE,156,151,152,38097,38092,38091,14999441,9249436,50.02,0.87
1,1,0,1,FALSE,FALSE,1,FALSE,FALSE,FALSE,FALSE,156,154,152,38102,38120,38091,15000024,9249069,49.97,0.84
1,1,0,1,FALSE,FALSE,1,FALSE,FALSE,FALSE,FALSE,152,151,152,38094,38108,38108,15000221,9250924,49.97,0.85
1,1,0,1,FALSE,FALSE,1,FALSE,FALSE,FALSE,FALSE,154,156,151,38102,38108,38116,14999865,9250946,49.95,0.83
1,1,0,1,FALSE,FALSE,1,FALSE,FALSE,FALSE,FALSE,157,149,158,38093,38114,38111,15000565,9249845,50.03,0.84
1,1,0,1,FALSE,FALSE,1,FALSE,FALSE,FALSE,FALSE,159,156,149,38113,38106,38105,14999639,9250719,49.96,0.83
1,1,0,1,FALSE,FALSE,1,FALSE,FALSE,FALSE,FALSE,157,149,151,38099,38119,38112,15000337,9250811,50.02,0.84
1,1,0,1,FALSE,FALSE,1,FALSE,FALSE,FALSE,FALSE,152,155,149,38117,38110,38092,14999737,9249656,49.98,0.86
1,1,0,1,FALSE,FALSE,1,FALSE,FALSE,FALSE,FALSE,152,156,154,38120,38092,38109,15000432,9250795,50.02,0.86
1,1,0,1,FALSE,FALSE,1,FALSE,FALSE,FALSE,FALSE,157,150,156,38106,38119,38114,15000065,9250956,50,0.84
1,1,0,1,FALSE,FALSE,1,FALSE,FALSE,FALSE,FALSE,152,156,149,38101,38099,38094,15000091,9250995,49.96,0.87
1,1,0,1,FALSE,FALSE,1,FALSE,FALSE,FALSE,FALSE,150,156,149,38114,38096,38092,14999067,9249396,49.95,0.84
1,1,0,1,FALSE,FALSE,1,FALSE,FALSE,FALSE,FALSE,156,156,159,38117,38105,38108,15000931,9250023,50.05,0.87
1,1,0,1,FALSE,FALSE,1,FALSE,FALSE,FALSE,FALSE,157,155,155,38120,38100,38099,15000115,9250291,49.95,0.85
1,1,0,1,FALSE,FALSE,1,FALSE,FALSE,FALSE,FALSE,151,153,153,38094,38104,38092,14999261,9250283,50.05,0.83
1,1,0,1,FALSE,FALSE,1,FALSE,FALSE,FALSE,FALSE,157,154,151,38103,38120,38115,15000500,9249679,49.96,0.83
1,1,0,1,FALSE,FALSE,1,FALSE,FALSE,FALSE,FALSE,152,155,149,38115,38091,38109,14999454,9250786,49.96,0.86
1,1,0,1,FALSE,FALSE,1,FALSE,FALSE,FALSE,FALSE,158,155,159,38103,38098,38107,15001000,9250303,49.97,0.84
1,1,0,1,FALSE,FALSE,1,FALSE,FALSE,FALSE,FALSE,158,154,158,38118,38096,38098,15000881,9250752,49.98,0.85
1,1,0,1,FALSE,FALSE,1,FALSE,FALSE,FALSE,FALSE,158,157,152,38110,38091,38101,14999913,9250152,49.96,0.83
1,1,0,1,FALSE,FALSE,1,FALSE,FALSE,FALSE,FALSE,155,150,151,38118,38108,38090,15000274,9250630,49.97,0.83
1,1,0,1,FALSE,FALSE,1,FALSE,FALSE,FALSE,FALSE,150,158,155,38101,38096,38116,15000898,9249810,50.01,0.85
1,1,0,1,FALSE,FALSE,1,FALSE,FALSE,FALSE,FALSE,158,150,152,38096,38103,38109,15000360,9250659,50.03,0.86
1,1,0,1,FALSE,FALSE,1,FALSE,FALSE,FALSE,FALSE,157,154,159,38092,38115,38107,14999897,9250547,49.99,0.87
1,1,0,1,FALSE,FALSE,1,FALSE,FALSE,FALSE,FALSE,158,155,153,38101,38118,38100,15000277,9249448,50.05,0.87
1,1,0,1,FALSE,FALSE,1,FALSE,FALSE,FALSE,FALSE,159,157,155,38095,38114,38114,15000137,9249225,50.05,0.85
1,1,0,1,FALSE,FALSE,1,FALSE,FALSE,FALSE,FALSE,152,152,150,38117,38116,38094,15000585,9249218,49.96,0.87
1,1,0,1,FALSE,FALSE,1,FALSE,FALSE,FALSE,FALSE,152,152,159,38098,38105,38105,14999640,9250014,50,0.86
1,1,0,1,FALSE,FALSE,1,FALSE,FALSE,FALSE,FALSE,159,159,159,38098,38108,38114,15000240,9249098,49.98,0.85
1,1,0,1,FALSE,FALSE,1,FALSE,FALSE,FALSE,FALSE,151,156,158,38092,38106,38099,15000105,9250705,50.01,0.84
1,1,0,1,FALSE,FALSE,1,FALSE,FALSE,FALSE,FALSE,149,155,150,38106,38115,38112,14999743,9249324,50.01,0.85
1,1,0,1,FALSE,FALSE,1,FALSE,FALSE,FALSE,FALSE,150,153,158,38110,38108,38116,14999334,9249580,50.02,0.83
1,1,0,1,FALSE,FALSE,1,FALSE,FALSE,FALSE,FALSE,157,149,151,38111,38106,38119,15000701,9250450,49.95,0.86
1,1,0,1,FALSE,FALSE,1,FALSE,FALSE,FALSE,FALSE,157,157,157,38090,38117,38112,14999529,9249644,49.97,0.84
1,1,0,1,FALSE,FALSE,1,FALSE,FALSE,FALSE,FALSE,152,151,155,38100,38114,38113,15000885,9249296,49.97,0.86
1,1,0,1,FALSE,FALSE,1,FALSE,FALSE,FALSE,FALSE,154,157,159,38115,38116,38097,14999334,9250187,49.95,0.84
1,1,0,1,FALSE,FALSE,1,FALSE,FALSE,FALSE,FALSE,156,158,156,38091,38114,38092,14999980,9249394,50.03,0.86
1,1,0,1,FALSE,FALSE,1,FALSE,FALSE,FALSE,FALSE,151,152,153,38095,38100,38117,15000233,9249937,49.98,0.84
1,1,0,1,FALSE,FALSE,1,FALSE,FALSE,FALSE,FALSE,157,151,159,38098,38091,38093,15000267,9250350,50.03,0.86
1,1,0,1,FALSE,FALSE,1,FALSE,FALSE,FALSE,FALSE,156,158,152,38115,38109,38090,14999472,9249572,50.02,0.87
1,1,0,1,FALSE,FALSE,1,FALSE,FALSE,FALSE,FALSE,153,157,158,38106,38091,38112,15000972,9249753,49.95,0.83
1,1,0,1,FALSE,FALSE,1,FALSE,FALSE,FALSE,FALSE,150,152,156,38093,38105,38116,15000523,9249652,49.95,0.87
1,1,0,1,FALSE,FALSE,1,FALSE,FALSE,FALSE,FALSE,159,151,156,38116,38111,38111,14999434,9249491,49.96,0.83
1,1,0,1,FALSE,FALSE,1,FALSE,FALSE,FALSE,FALSE,152,157,159,38115,38092,38109,15000261,9249331,50.04,0.85
1,1,0,1,FALSE,FALSE,1,FALSE,FALSE,FALSE,FALSE,158,157,149,38109,38091,38093,15000959,9250745,50.04,0.87
1,1,0,1,FALSE,FALSE,1,FALSE,FALSE,FALSE,FALSE,156,159,149,38104,38116,38090,15000621,9250355,50,0.83
1,1,0,1,FALSE,FALSE,1,FALSE,FALSE,FALSE,FALSE,151,152,156,38118,38103,38109,14999949,9249458,49.97,0.86
1,1,0,1,FALSE,FALSE,1,FALSE,FALSE,FALSE,FALSE,150,157,151,38092,38090,38104,14999358,9250190,49.96,0.86
1,1,0,1,FALSE,FALSE,1,FALSE,FALSE,FALSE,FALSE,151,154,157,38102,38104,38093,15000515,9250925,49.97,0.87
1,1,0,1,FALSE,FALSE,1,FALSE,FALSE,FALSE,FALSE,155,156,155,38091,38113,38112,14999216,9250075,49.98,0.84
1,1,0,1,FALSE,FALSE,1,FALSE,FALSE,FALSE,FALSE,157,149,157,38096,38103,38098,14999171,9249053,49.98,0.83
1,1,0,1,FALSE,FALSE,1,FALSE,FALSE,FALSE,FALSE,154,157,156,38096,38106,38097,15000118,9249003,49.95,0.85
1,1,0,1,FALSE,FALSE,1,FALSE,FALSE,FALSE,FALSE,159,155,152,38106,38113,38093,14999893,9250294,50.01,0.87
1,1,0,1,FALSE,FALSE,1,FALSE,FALSE,FALSE,FALSE,152,155,158,38101,38107,38111,14999736,9250963,50.01,0.83
1,1,0,1,FALSE,FALSE,1,FALSE,FALSE,FALSE,FALSE,156,151,154,38101,38090,38120,14999200,9249324,50.04,0.87
1,1,0,1,FALSE,FALSE,1,FALSE,FALSE,FALSE,FALSE,149,151,158,38100,38109,38090,15000158,9249964,49.99,0.85
1,1,0,1,FALSE,FALSE,1,FALSE,FALSE,FALSE,FALSE,159,150,149,38113,38117,38090,15000561,9249214,49.97,0.83
1,1,0,1,FALSE,FALSE,1,FALSE,FALSE,FALSE,FALSE,159,158,149,38105,38110,38098,14999089,9249915,50.04,0.83
1,1,0,1,FALSE,FALSE,1,FALSE,FALSE,FALSE,FALSE,158,152,158,38120,38109,38108,14999601,9250156,50.03,0.87
1,1,0,1,FALSE,FALSE,1,FALSE,FALSE,FALSE,FALSE,153,151,156,38104,38119,38113,14999527,9249787,49.95,0.83
1,1,0,1,FALSE,FALSE,1,FALSE,FALSE,FALSE,FALSE,151,151,159,38093,38101,38103,14999350,9250642,50.05,0.86
1,1,0,1,FALSE,FALSE,1,FALSE,FALSE,FALSE,FALSE,153,150,155,38090,38118,38105,15000729,9250892,50.05,0.86
1,1,0,1,FALSE,FALSE,1,FALSE,FALSE,FALSE,FALSE,156,154,155,38096,38120,38093,15000720,9250846,49.96,0.84
1,1,0,1,FALSE,FALSE,1,FALSE,FALSE,FALSE,FALSE,154,152,155,38097,38098,38119,15000125,9249202,50.01,0.87
1,1,0,1,FALSE,FALSE,1,FALSE,FALSE,FALSE,FALSE,152,153,154,38103,38109,38105,14999925,9249833,50.03,0.87
1,1,0,1,FALSE,FALSE,1,FALSE,FALSE,FALSE,FALSE,150,152,151,38118,38106,38113,14999383,9250204,50.04,0.86
1,1,0,1,FALSE,FALSE,1,FALSE,FALSE,FALSE,FALSE,150,152,153,38108,38105,38108,14999764,9250094,49.97,0.84
1,1,0,1,FALSE,FALSE,1,FALSE,FALSE,FALSE,FALSE,149,156,151,38103,38109,38103,14999565,9250411,50.01,0.85
1,1,0,1,FALSE,FALSE,1,FALSE,FALSE,FALSE,FALSE,150,152,151,38096,38107,38095,14999865,9250258,49.97,0.87
1,1,0,1,FALSE,FALSE,1,FALSE,FALSE,FALSE,FALSE,154,151,157,38092,38097,38108,14999745,9249569,50.02,0.85
1,1,0,1,FALSE,FALSE,1,FALSE,FALSE,FALSE,FALSE,157,159,154,38107,38115,38103,15000657,9250803,49.97,0.85
1,1,0,1,FALSE,FALSE,1,FALSE,FALSE,FALSE,FALSE,149,151,157,38114,38119,38096,15000614,9249691,50,0.85
1,1,0,1,FALSE,FALSE,1,FALSE,FALSE,FALSE,FALSE,159,154,157,38090,38107,38090,15000121,9250220,50,0.84
1,1,0,1,FALSE,FALSE,1,FALSE,FALSE,FALSE,FALSE,154,154,152,38100,38110,38105,15000744,9250013,49.97,0.86
1,1,0,1,FALSE,FALSE,1,FALSE,FALSE,FALSE,FALSE,155,152,154,38090,38094,38102,15000159,9250795,50.02,0.87
1,1,0,1,FALSE,FALSE,1,FALSE,FALSE,FALSE,FALSE,156,157,154,38117,38111,38092,15000126,9249278,49.98,0.86
1,1,0,1,FALSE,FALSE,1,FALSE,FALSE,FALSE,FALSE,155,157,150,38094,38113,38094,15000898,9249097,49.98,0.83
1,1,0,1,FALSE,FALSE,1,FALSE,FALSE,FALSE,FALSE,158,156,152,38103,38096,38113,15000893,9250230,50.03,0.87
1,1,0,1,FALSE,FALSE,1,FALSE,FALSE,FALSE,FALSE,157,150,159,38107,38094,38096,15000791,9249971,50.03,0.83
1,1,0,1,FALSE,FALSE,1,FALSE,FALSE,FALSE,FALSE,150,153,156,38102,38114,38112,15000388,9250291,49.96,0.85
1,1,0,1,FALSE,FALSE,1,FALSE,FALSE,FALSE,FALSE,154,152,157,38101,38107,38099,15000892,9250015,50.03,0.85
1,1,0,1,FALSE,FALSE,1,FALSE,FALSE,FALSE,FALSE,156,153,153,38118,38114,38118,15001000,9249211,50.02,0.83
1,1,0,1,FALSE,FALSE,1,FALSE,FALSE,FALSE,FALSE,113,115,119,38109,38091,38105,11250431,6937586,49.97,0.84
1,1,0,1,FALSE,FALSE,1,FALSE,FALSE,FALSE,FALSE,113,118,116,38111,38107,38107,11249446,6937868,49.95,0.87
1,1,0,1,FALSE,FALSE,1,FALSE,FALSE,FALSE,FALSE,115,117,118,38113,38098,38111,11250586,6936898,50.01,0.87
1,1,0,1,FALSE,FALSE,1,FALSE,FALSE,FALSE,FALSE,116,113,117,38120,38118,38091,11250518,6937957,50,0.83
1,1,0,1,FALSE,FALSE,1,FALSE,FALSE,FALSE,FALSE,114,113,119,38112,38105,38111,11250666,6937625,50.04,0.86
1,1,0,1,FALSE,FALSE,1,FALSE,FALSE,FALSE,FALSE,115,119,118,38103,38092,38107,11250716,6937536,50.04,0.87
1,1,0,1,FALSE,FALSE,1,FALSE,FALSE,FALSE,FALSE,112,112,115,38108,38110,38119,11249315,6936998,50.03,0.86
1,1,0,1,FALSE,FALSE,1,FALSE,FALSE,FALSE,FALSE,116,117,112,38100,38115,38091,11250687,6936889,50.02,0.85
1,1,0,1,FALSE,FALSE,1,FALSE,FALSE,FALSE,FALSE,112,118,118,38114,38108,38092,11249940,6937265,50.01,0.85
1,1,0,1,FALSE,FALSE,1,FALSE,FALSE,FALSE,FALSE,116,113,116,38096,38114,38109,11249411,6938090,49.98,0.85
1,1,0,1,FALSE,FALSE,1,FALSE,FALSE,FALSE,FALSE,114,116,112,38103,38109,38096,11249915,6937599,49.97,0.87
1,1,0,1,FALSE,FALSE,1,FALSE,FALSE,FALSE,FALSE,114,116,118,38113,38100,38098,11250215,6937791,49.95,0.83
1,1,0,1,FALSE,FALSE,1,FALSE,FALSE,FALSE,FALSE,113,116,112,38105,38117,38091,11250675,6937080,49.95,0.86
1,1,0,1,FALSE,FALSE,1,FALSE,FALSE,FALSE,FALSE,115,116,115,38101,38096,38100,11249681,6938234,50.01,0.86
1,1,0,1,FALSE,FALSE,1,FALSE,FALSE,FALSE,FALSE,113,118,114,38107,38103,38094,11249723,6937893,50.04,0.87
1,1,0,1,FALSE,FALSE,1,FALSE,FALSE,FALSE,FALSE,119,114,113,38099,38095,38100,11249618,6937085,49.99,0.84
1,1,0,1,FALSE,FALSE,1,FALSE,FALSE,FALSE,FALSE,112,119,112,38104,38112,38098,11249528,6938200,49.96,0.85
1,1,0,1,FALSE,FALSE,1,FALSE,FALSE,FALSE,FALSE,113,116,113,38097,38112,38099,11250637,6937805,50.04,0.87
1,1,0,1,FALSE,FALSE,1,FALSE,FALSE,FALSE,FALSE,113,116,116,38115,38106,38092,11250286,6937935,50.01,0.84
1,1,0,1,FALSE,FALSE,1,FALSE,FALSE,FALSE,FALSE,117,112,116,38091,38101,38120,11249972,6937670,50.05,0.83
1,1,0,1,FALSE,FALSE,1,FALSE,FALSE,FALSE,FALSE,119,113,119,38100,38108,38100,11250737,6936812,49.98,0.83
1,1,0,1,FALSE,FALSE,1,FALSE,FALSE,FALSE,FALSE,113,115,113,38098,38104,38119,11250740,6937865,49.97,0.87
1,1,0,1,FALSE,FALSE,1,FALSE,FALSE,FALSE,FALSE,118,115,115,38119,38115,38113,11250332,6937046,50.05,0.83
1,1,0,1,FALSE,FALSE,1,FALSE,FALSE,FALSE,FALSE,119,113,119,38112,38100,38106,11250480,6936874,49.96,0.87
1,1,0,1,FALSE,FALSE,1,FALSE,FALSE,FALSE,FALSE,116,113,113,38091,38104,38113,11250548,6938242,50.05,0.87
1,1,0,1,FALSE,FALSE,1,FALSE,FALSE,FALSE,FALSE,114,114,119,38106,38106,38103,11249551,6937592,50.01,0.85
1,1,0,1,FALSE,FALSE,1,FALSE,FALSE,FALSE,FALSE,119,116,113,38114,38093,38101,11249937,6936924,49.99,0.85
1,1,0,1,FALSE,FALSE,1,FALSE,FALSE,FALSE,FALSE,116,119,117,38092,38113,38097,11250439,6937128,50.03,0.85
1,1,0,1,FALSE,FALSE,1,FALSE,FALSE,FALSE,FALSE,118,119,118,38109,38117,38114,11249812,6938096,49.96,0.83
1,1,0,1,FALSE,FALSE,1,FALSE,FALSE,FALSE,FALSE,114,117,119,38098,38102,38114,11249637,6937753,49.98,0.85
1,1,0,1,FALSE,FALSE,1,FALSE,FALSE,FALSE,FALSE,114,113,118,38113,38098,38118,11250210,6938022,50.04,0.87
1,1,0,1,FALSE,FALSE,1,FALSE,FALSE,FALSE,FALSE,119,114,116,38113,38096,38100,11250682,6937197,49.95,0.83
1,1,0,1,FALSE,FALSE,1,FALSE,FALSE,FALSE,FALSE,114,116,119,38098,38104,38091,11250442,6937617,49.95,0.83
1,1,0,1,FALSE,FALSE,1,FALSE,FALSE,FALSE,FALSE,118,114,117,38120,38103,38091,11250295,6936877,50,0.84
1,1,0,1,FALSE,FALSE,1,FALSE,FALSE,FALSE,FALSE,116,113,113,38110,38102,38113,11250043,6937451,49.96,0.83
1,1,0,1,FALSE,FALSE,1,FALSE,FALSE,FALSE,FALSE,113,113,113,38102,38099,38119,11250366,6937667,50.01,0.84
1,1,0,1,FALSE,FALSE,1,FALSE,FALSE,FALSE,FALSE,118,113,117,38099,38109,38117,11249481,6936779,49.96,0.87
1,1,0,1,FALSE,FALSE,1,FALSE,FALSE,FALSE,FALSE,114,116,114,38100,38103,38110,11249276,6937414,50.01,0.87
1,1,0,1,FALSE,FALSE,1,FALSE,FALSE,FALSE,FALSE,113,119,116,38092,38113,38119,11249783,6936864,49.97,0.85
1,1,0,1,FALSE,FALSE,1,FALSE,FALSE,FALSE,FALSE,116,118,112,38110,38096,38092,11249681,6936925,50.05,0.86
1,1,0,1,FALSE,FALSE,1,FALSE,FALSE,FALSE,FALSE,112,114,116,38098,38097,38112,11249923,6937890,49.96,0.83
1,1,0,1,FALSE,FALSE,1,FALSE,FALSE,FALSE,FALSE,116,116,114,38116,38118,38115,11250194,6936971,50,0.85
1,1,0,1,FALSE,FALSE,1,FALSE,FALSE,FALSE,FALSE,112,113,116,38108,38104,38115,11249789,6937035,50.01,0.87
1,1,0,1,FALSE,FALSE,1,FALSE,FALSE,FALSE,FALSE,119,112,112,38104,38119,38093,11250731,6937337,49.98,0.85
1,1,0,1,FALSE,FALSE,1,FALSE,FALSE,FALSE,FALSE,116,114,116,38096,38115,38118,11250306,6937086,50.02,0.84
1,1,0,1,FALSE,FALSE,1,FALSE,FALSE,FALSE,FALSE,116,117,119,38110,38114,38116,11249409,6937206,50,0.86
1,1,0,1,FALSE,FALSE,1,FALSE,FALSE,FALSE,FALSE,112,116,113,38119,38097,38113,11249855,6938036,50.03,0.83
1,1,0,1,FALSE,FALSE,1,FALSE,FALSE,FALSE,FALSE,119,117,113,38118,38098,38120,11249886,6937070,49.97,0.84
1,1,0,1,FALSE,FALSE,1,FALSE,FALSE,FALSE,FALSE,115,115,118,38117,38120,38091,11249414,6937691,50.05,0.83
1,1,0,1,FALSE,FALSE,1,FALSE,FALSE,FALSE,FALSE,118,115,119,38107,38105,38111,11250218,6937841,50.03,0.85
1,1,0,1,FALSE,FALSE,1,FALSE,FALSE,FALSE,FALSE,113,119,113,38117,38111,38108,11249351,6938246,50.03,0.86
1,1,0,1,FALSE,FALSE,1,FALSE,FALSE,FALSE,FALSE,115,119,114,38118,38097,38096,11250274,6937343,49.96,0.83
1,1,0,1,FALSE,FALSE,1,FALSE,FALSE,FALSE,FALSE,113,116,115,38093,38104,38099,11250615,6937960,49.95,0.86
1,1,0,1,FALSE,FALSE,1,FALSE,FALSE,FALSE,FALSE,119,119,113,38114,38106,38110,11249455,6937756,50.03,0.83
1,1,0,1,FALSE,FALSE,1,FALSE,FALSE,FALSE,FALSE,112,116,119,38103,38115,38110,11249311,6936764,50.03,0.83
1,1,0,1,FALSE,FALSE,1,FALSE,FALSE,FALSE,FALSE,119,115,119,38119,38113,38119,11250225,6938125,49.98,0.86
1,1,0,1,FALSE,FALSE,1,FALSE,FALSE,FALSE,FALSE,119,117,117,38090,38108,38110,11250609,6938190,50.03,0.87
1,1,0,1,FALSE,FALSE,1,FALSE,FALSE,FALSE,FALSE,119,119,116,38117,38115,38092,11250467,6938066,50.02,0.83
1,1,0,1,FALSE,FALSE,1,FALSE,FALSE,FALSE,FALSE,116,116,114,38112,38120,38117,11249699,6937163,50,0.87
1,1,0,1,FALSE,FALSE,1,FALSE,FALSE,FALSE,FALSE,119,112,113,38105,38093,38098,11250082,6937230,50.02,0.86
1,1,0,1,FALSE,FALSE,1,FALSE,FALSE,FALSE,FALSE,112,115,112,38090,38120,38115,11249405,6936817,49.98,0.85
1,1,0,1,FALSE,FALSE,1,FALSE,FALSE,FALSE,FALSE,119,117,118,38118,38101,38098,11249484,6937118,50.05,0.83
1,1,0,1,FALSE,FALSE,1,FALSE,FALSE,FALSE,FALSE,119,117,116,38098,38090,38093,11249880,6937506,49.95,0.83
1,1,0,1,FALSE,FALSE,1,FALSE,FALSE,FALSE,FALSE,116,116,116,38116,38096,38109,11250456,6937083,50.02,0.84
1,1,0,1,FALSE,FALSE,1,FALSE,FALSE,FALSE,FALSE,114,113,119,38115,38109,38104,11250400,6937623,49.95,0.84
1,1,0,1,FALSE,FALSE,1,FALSE,FALSE,FALSE,FALSE,119,116,115,38090,38104,38099,11249537,6938062,50.05,0.86
1,1,0,1,FALSE,FALSE,1,FALSE,FALSE,FALSE,FALSE,117,113,113,38097,38099,38103,11250001,6938185,49.95,0.83
1,1,0,1,FALSE,FALSE,1,FALSE,FALSE,FALSE,FALSE,116,112,116,38112,38109,38101,11249616,6938102,50.05,0.83
1,1,0,1,FALSE,FALSE,1,FALSE,FALSE,FALSE,FALSE,118,119,114,38113,38106,38103,11249476,6938147,49.98,0.86
1,1,0,1,FALSE,FALSE,1,FALSE,FALSE,FALSE,FALSE,117,116,119,38107,38109,38096,11250380,6937244,50.01,0.87
1,1,0,1,FALSE,FALSE,1,FALSE,FALSE,FALSE,FALSE,114,119,113,38092,38095,38102,11250494,6937208,49.96,0.87
1,1,0,1,FALSE,FALSE,1,FALSE,FALSE,FALSE,FALSE,113,117,113,38097,38091,38110,11250321,6938162,49.95,0.87
1,1,0,1,FALSE,FALSE,1,FALSE,FALSE,FALSE,FALSE,113,116,119,38115,38091,38119,11250131,6937925,49.99,0.87
1,1,0,1,FALSE,FALSE,1,FALSE,FALSE,FALSE,FALSE,116,115,115,38091,38105,38104,11250195,6937331,50,0.83
1,1,0,1,FALSE,FALSE,1,FALSE,FALSE,FALSE,FALSE,118,117,119,38104,38115,38109,11249573,6937031,50.03,0.84
1,1,0,1,FALSE,FALSE,1,FALSE,FALSE,FALSE,FALSE,112,116,114,38093,38118,38116,11250493,6937343,50.02,0.83
1,1,0,1,FALSE,FALSE,1,FALSE,FALSE,FALSE,FALSE,115,116,116,38107,38090,38112,11250559,6937507,49.96,0.87
1,1,0,1,FALSE,FALSE,1,FALSE,FALSE,FALSE,FALSE,115,117,113,38095,38111,38111,11250253,6938195,50,0.86
1,1,0,1,FALSE,FALSE,1,FALSE,FALSE,FALSE,FALSE,118,115,113,38091,38114,38117,11249388,6937877,50.05,0.85
1,1,0,1,FALSE,FALSE,1,FALSE,FALSE,FALSE,FALSE,116,119,114,38104,38101,38111,11250407,6937531,50.04,0.87
1,1,0,1,FALSE,FALSE,1,FALSE,FALSE,FALSE,FALSE,112,118,114,38102,38120,38094,11250701,6937343,50.05,0.84
1,1,0,1,FALSE,FALSE,1,FALSE,FALSE,FALSE,FALSE,114,116,112,38118,38106,38097,11249443,6937259,50.02,0.87
1,1,0,1,FALSE,FALSE,1,FALSE,FALSE,FALSE,FALSE,119,119,116,38101,38103,38118,11249391,6937083,49.99,0.87
1,1,0,1,FALSE,FALSE,1,FALSE,FALSE,FALSE,FALSE,119,115,118,38091,38111,38092,11250557,6936850,49.98,0.85
1,1,0,1,FALSE,FALSE,1,FALSE,FALSE,FALSE,FALSE,119,119,119,38106,38116,38092,11250198,6937165,50.04,0.86
1,1,0,1,FALSE,FALSE,1,FALSE,FALSE,FALSE,FALSE,113,118,113,38095,38110,38106,11249966,6937106,50.02,0.87
1,1,0,1,FALSE,FALSE,1,FALSE,FALSE,FALSE,FALSE,119,119,118,38113,38117,38110,11249446,6937301,50.02,0.87
1,1,0,1,FALSE,FALSE,1,FALSE,FALSE,FALSE,FALSE,116,113,118,38101,38107,38116,11250502,6937565,50,0.86
1,1,0,1,FALSE,FALSE,1,FALSE,FALSE,FALSE,FALSE,113,117,115,38106,38105,38110,11249618,6937312,50.03,0.87
1,1,0,1,FALSE,FALSE,1,FALSE,FALSE,FALSE,FALSE,115,116,119,38099,38098,38097,11250210,6937655,49.98,0.84
1,1,0,1,FALSE,FALSE,1,FALSE,FALSE,FALSE,FALSE,112,113,113,38117,38118,38117,11250125,6937837,50.04,0.85
1,1,0,1,FALSE,FALSE,1,FALSE,FALSE,FALSE,FALSE,116,113,116,38097,38116,38106,11250654,6938152,50.05,0.84
1,1,0,1,FALSE,FALSE,1,FALSE,FALSE,FALSE,FALSE,112,118,118,38119,38113,38091,11250581,6936835,49.98,0.85
1,1,0,1,FALSE,FALSE,1,FALSE,FALSE,FALSE,FALSE,119,115,115,38096,38116,38095,11250063,6937303,50,0.86
1,1,0,1,FALSE,FALSE,1,FALSE,FALSE,FALSE,FALSE,112,118,113,38102,38103,38107,11250450,6937062,50.01,0.85
1,1,0,1,FALSE,FALSE,1,FALSE,FALSE,FALSE,FALSE,114,116,118,38098,38106,38116,11250200,6937988,49.97,0.87
1,1,0,1,FALSE,FALSE,1,FALSE,FALSE,FALSE,FALSE,116,117,115,38099,38103,38101,11249533,6938124,50,0.85
1,1,0,1,FALSE,FALSE,1,FALSE,FALSE,FALSE,FALSE,114,116,115,38103,38090,38113,11249618,6937372,50.04,0.87
1,1,0,1,FALSE,FALSE,1,FALSE,FALSE,FALSE,FALSE,118,114,119,38114,38090,38094,11249772,6936859,50,0.86
1,1,0,1,FALSE,FALSE,1,FALSE,FALSE,FALSE,FALSE,116,117,116,38105,38118,38102,11250165,6937721,50.04,0.85
1,1,0,1,FALSE,FALSE,1,FALSE,FALSE,FALSE,FALSE,115,115,112,38111,38109,38117,11250107,6938005,49.96,0.86
1,1,0,1,FALSE,FALSE,1,FALSE,FALSE,FALSE,FALSE,119,114,117,38098,38111,38102,11250104,6937643,49.97,0.87
1,1,0,1,FALSE,FALSE,1,FALSE,FALSE,FALSE,FALSE,113,119,119,38099,38106,38114,11249320,6938112,50.01,0.85
1,1,0,1,FALSE,FALSE,1,FALSE,FALSE,FALSE,FALSE,119,119,114,38107,38119,38090,11250689,6938102,49.99,0.84
1,1,0,1,FALSE,FALSE,1,FALSE,FALSE,FALSE,FALSE,113,119,113,38100,38120,38119,11250433,6937780,50.02,0.83
1,1,0,1,FALSE,FALSE,1,FALSE,FALSE,FALSE,FALSE,113,116,112,38107,38091,38100,11249629,6938204,49.98,0.83
1,1,0,1,FALSE,FALSE,1,FALSE,FALSE,FALSE,FALSE,116,116,119,38096,38109,38093,11249339,6938188,50.04,0.85
1,1,0,1,FALSE,FALSE,1,FALSE,FALSE,FALSE,FALSE,119,119,118,38109,38120,38093,11249989,6937207,50,0.86
1,1,0,1,FALSE,FALSE,1,FALSE,FALSE,FALSE,FALSE,113,119,119,38097,38113,38120,11250371,6937028,49.99,0.84
1,1,0,1,FALSE,FALSE,1,FALSE,FALSE,FALSE,FALSE,116,115,113,38100,38112,38109,11249675,6937221,49.99,0.83
1,1,0,1,FALSE,FALSE,1,FALSE,FALSE,FALSE,FALSE,113,119,117,38101,38102,38119,11250622,6936906,49.98,0.87
1,1,0,1,FALSE,FALSE,1,FALSE,FALSE,FALSE,FALSE,119,114,112,38095,38107,38106,11249531,6937900,50.05,0.85
1,1,0,1,FALSE,FALSE,1,FALSE,FALSE,FALSE,FALSE,117,113,116,38103,38102,38118,11250579,6937103,49.95,0.87
1,1,0,1,FALSE,FALSE,1,FALSE,FALSE,FALSE,FALSE,112,115,115,38104,38093,38090,11250232,6937268,50,0.84
1,1,0,1,FALSE,FALSE,1,FALSE,FALSE,FALSE,FALSE,113,116,119,38115,38107,38110,11250414,6937148,50.04,0.83
1,1,0,1,FALSE,FALSE,1,FALSE,FALSE,FALSE,FALSE,116,116,114,38104,38095,38118,11249278,6936987,49.95,0.83
1,1,0,1,FALSE,FALSE,1,FALSE,FALSE,FALSE,FALSE,114,117,115,38120,38107,38100,11249349,6936794,50.05,0.84
1,1,0,1,FALSE,FALSE,1,FALSE,FALSE,FALSE,FALSE,113,119,118,38114,38104,38105,11249365,6937287,49.97,0.85
1,1,0,1,FALSE,FALSE,1,FALSE,FALSE,FALSE,FALSE,119,118,116,38110,38104,38117,11249312,6936992,49.99,0.87
1,1,0,1,FALSE,FALSE,1,FALSE,FALSE,FALSE,FALSE,115,114,116,38103,38112,38104,11250529,6936917,50.01,0.85
1,1,0,1,FALSE,FALSE,1,FALSE,FALSE,FALSE,FALSE,115,112,116,38090,38097,38118,11250626,6937601,50.03,0.83
1,1,0,1,FALSE,FALSE,1,FALSE,FALSE,FALSE,FALSE,113,113,116,38116,38119,38104,11250327,6937855,49.95,0.85
1,1,0,1,FALSE,FALSE,1,FALSE,FALSE,FALSE,FALSE,119,117,113,38111,38095,38118,11249274,6937709,50.03,0.87
1,1,0,1,FALSE,FALSE,1,FALSE,FALSE,FALSE,FALSE,114,116,114,38097,38090,38119,11250351,6937557,50.01,0.87
1,1,0,1,FALSE,FALSE,1,FALSE,FALSE,FALSE,FALSE,113,117,116,38103,38105,38096,11250305,6937889,49.96,0.85
1,1,0,1,FALSE,FALSE,1,FALSE,FALSE,FALSE,FALSE,116,117,112,38108,38094,38110,11249879,6937960,49.99,0.85
1,1,0,1,FALSE,FALSE,1,FALSE,FALSE,FALSE,FALSE,115,119,119,38112,38119,38098,11249798,6938017,49.99,0.85
1,1,0,1,FALSE,FALSE,1,FALSE,FALSE,FALSE,FALSE,119,119,115,38091,38119,38118,11249745,6937799,50.04,0.85
1,1,0,1,FALSE,FALSE,1,FALSE,FALSE,FALSE,FALSE,115,113,119,38111,38109,38120,11250697,6936920,49.95,0.84
1,1,0,1,FALSE,FALSE,1,FALSE,FALSE,FALSE,FALSE,115,114,117,38091,38112,38120,11250508,6937595,50.01,0.87
1,1,0,1,FALSE,FALSE,1,FALSE,FALSE,FALSE,FALSE,112,119,113,38104,38094,38118,11250425,6938249,49.95,0.85
1,1,0,1,FALSE,FALSE,1,FALSE,FALSE,FALSE,FALSE,113,116,113,38091,38115,38105,11250426,6936979,50.01,0.85
1,1,0,1,FALSE,FALSE,1,FALSE,FALSE,FALSE,FALSE,117,118,114,38117,38110,38119,11250181,6936932,49.97,0.83
1,1,0,1,FALSE,FALSE,1,FALSE,FALSE,FALSE,FALSE,112,117,116,38120,38120,38120,11250236,6937776,49.96,0.86
1,1,0,1,FALSE,FALSE,1,FALSE,FALSE,FALSE,FALSE,113,113,116,38119,38091,38113,11249816,6937759,50,0.84
1,1,0,1,FALSE,FALSE,1,FALSE,FALSE,FALSE,FALSE,115,113,114,38092,38115,38101,11249681,6937960,50.02,0.84
1,1,0,1,FALSE,FALSE,1,FALSE,FALSE,FALSE,FALSE,115,119,115,38108,38092,38119,11250046,6937624,50,0.87
1,1,0,1,FALSE,FALSE,1,FALSE,FALSE,FALSE,FALSE,116,114,113,38108,38113,38113,11250257,6937499,49.96,0.83
1,1,0,1,FALSE,FALSE,1,FALSE,FALSE,FALSE,FALSE,115,116,119,38094,38113,38109,11250572,6937542,49.98,0.86
1,1,0,1,FALSE,FALSE,1,FALSE,FALSE,FALSE,FALSE,115,119,117,38096,38107,38119,11250146,6938147,49.98,0.83
1,1,0,1,FALSE,FALSE,1,FALSE,FALSE,FALSE,FALSE,117,119,113,38097,38097,38118,11249385,6936767,50.01,0.86
1,1,0,1,FALSE,FALSE,1,FALSE,FALSE,FALSE,FALSE,114,113,118,38101,38090,38093,11250111,6937096,49.96,0.85
1,1,0,1,FALSE,FALSE,1,FALSE,FALSE,FALSE,FALSE,119,116,113,38106,38096,38095,11249408,6936755,50.03,0.83
1,1,0,1,FALSE,FALSE,1,FALSE,FALSE,FALSE,FALSE,115,119,117,38104,38117,38091,11250044,6938239,49.95,0.85
1,1,0,1,FALSE,FALSE,1,FALSE,FALSE,FALSE,FALSE,118,115,113,38095,38105,38095,11249337,6937258,50.04,0.87
1,1,0,1,FALSE,FALSE,1,FALSE,FALSE,FALSE,FALSE,114,118,116,38090,38102,38113,11250081,6937076,50.05,0.87
1,1,0,1,FALSE,FALSE,1,FALSE,FALSE,FALSE,FALSE,114,115,119,38117,38117,38095,11250637,6937935,49.98,0.84
1,1,0,1,FALSE,FALSE,1,FALSE,FALSE,FALSE,FALSE,116,116,116,38110,38099,38094,11250470,6937000,49.97,0.83
1,1,0,1,FALSE,FALSE,1,FALSE,FALSE,FALSE,FALSE,119,113,119,38119,38115,38115,11249915,6937800,49.95,0.86
1,1,0,1,FALSE,FALSE,1,FALSE,FALSE,FALSE,FALSE,114,119,113,38113,38103,38096,11249748,6937850,49.96,0.84
1,1,0,1,FALSE,FALSE,1,FALSE,FALSE,FALSE,FALSE,119,118,116,38095,38091,38106,11249802,6936808,49.96,0.83
1,1,0,1,FALSE,FALSE,1,FALSE,FALSE,FALSE,FALSE,116,115,113,38092,38095,38110,11249795,6938181,50.04,0.83
1,1,0,1,FALSE,FALSE,1,FALSE,FALSE,FALSE,FALSE,118,115,117,38104,38115,38103,11249954,6937957,49.97,0.84
1,1,0,1,FALSE,FALSE,1,FALSE,FALSE,FALSE,FALSE,116,114,118,38102,38105,38114,11249387,6937962,50.01,0.83
1,1,0,1,FALSE,FALSE,1,FALSE,FALSE,FALSE,FALSE,119,119,112,38098,38109,38119,11250633,6937004,49.96,0.85
1,1,0,1,FALSE,FALSE,1,FALSE,FALSE,FALSE,FALSE,117,117,113,38102,38104,38115,11249735,6936868,50.01,0.85
1,1,0,1,FALSE,FALSE,1,FALSE,FALSE,FALSE,FALSE,115,117,117,38094,38116,38090,11249316,6936877,50.04,0.83
1,1,0,1,FALSE,FALSE,1,FALSE,FALSE,FALSE,FALSE,112,117,113,38091,38099,38100,11250386,6936834,50.04,0.84
1,1,0,1,FALSE,FALSE,1,FALSE,FALSE,FALSE,FALSE,114,119,115,38099,38099,38096,11250002,6937808,49.98,0.83
1,1,0,1,FALSE,FALSE,1,FALSE,FALSE,FALSE,FALSE,117,119,118,38107,38107,38102,11250603,6937187,49.95,0.85
1,1,0,1,FALSE,FALSE,1,FALSE,FALSE,FALSE,FALSE,119,116,116,38103,38103,38114,11250500,6936779,50.03,0.83
1,1,0,1,FALSE,FALSE,1,FALSE,FALSE,FALSE,FALSE,113,118,113,38097,38093,38109,11249897,6936892,49.98,0.87
1,1,0,1,FALSE,FALSE,1,FALSE,FALSE,FALSE,FALSE,119,117,113,38090,38118,38106,11250073,6937274,50.04,0.84
1,1,0,1,FALSE,FALSE,1,FALSE,FALSE,FALSE,FALSE,119,113,118,38101,38100,38106,11249923,6936937,50.05,0.83
1,1,0,1,FALSE,FALSE,1,FALSE,FALSE,FALSE,FALSE,116,113,115,38104,38104,38095,11250039,6937832,50.03,0.87
1,1,0,1,FALSE,FALSE,1,FALSE,FALSE,FALSE,FALSE,118,115,113,38111,38090,38095,11250593,6938069,49.99,0.85
1,1,0,1,FALSE,FALSE,1,FALSE,FALSE,FALSE,FALSE,118,117,119,38093,38112,38094,11249909,6937619,49.99,0.83
1,1,0,1,FALSE,FALSE,1,FALSE,FALSE,FALSE,FALSE,112,115,117,38119,38107,38097,11250085,6937600,50.04,0.86
1,1,0,1,FALSE,FALSE,1,FALSE,FALSE,FALSE,FALSE,116,117,116,38117,38104,38101,11249594,6937672,50.03,0.83
1,1,0,1,FALSE,FALSE,1,FALSE,FALSE,FALSE,FALSE,113,114,113,38117,38092,38110,11249549,6937480,49.99,0.87
1,1,0,1,FALSE,FALSE,1,FALSE,FALSE,FALSE,FALSE,119,115,113,38109,38099,38114,11250458,6937639,49.97,0.84
1,1,0,1,FALSE,FALSE,1,FALSE,FALSE,FALSE,FALSE,114,117,113,38112,38102,38098,11249682,6937574,49.98,0.84
1,1,0,1,FALSE,FALSE,1,FALSE,FALSE,FALSE,FALSE,113,119,119,38103,38119,38116,11249316,6937283,50.01,0.86
1,1,0,1,FALSE,FALSE,1,FALSE,FALSE,FALSE,FALSE,116,114,119,38112,38100,38116,11249355,6937282,49.95,0.87
1,1,0,1,FALSE,FALSE,1,FALSE,FALSE,FALSE,FALSE,119,113,116,38103,38093,38093,11249426,6937659,49.95,0.85
1,1,0,1,FALSE,FALSE,1,FALSE,FALSE,FALSE,FALSE,119,112,113,38104,38107,38096,11250058,6937278,49.95,0.83
1,1,0,1,FALSE,FALSE,1,FALSE,FALSE,FALSE,FALSE,116,116,113,38110,38118,38119,11250563,6938017,50,0.85
1,1,0,1,FALSE,FALSE,1,FALSE,FALSE,FALSE,FALSE,119,113,112,38094,38102,38106,11250704,6937470,50.03,0.85
1,1,0,1,FALSE,FALSE,1,FALSE,FALSE,FALSE,FALSE,113,112,113,38112,38111,38109,11249803,6937007,50,0.83
1,1,0,1,FALSE,FALSE,1,FALSE,FALSE,FALSE,FALSE,118,119,118,38118,38112,38102,11250537,6936848,50.03,0.85
1,1,0,1,FALSE,FALSE,1,FALSE,FALSE,FALSE,FALSE,118,119,118,38104,38094,38093,11250182,6936771,50.03,0.84
1,1,0,1,FALSE,FALSE,1,FALSE,FALSE,FALSE,FALSE,116,115,113,38118,38092,38096,11250281,6937312,49.98,0.85
1,1,0,1,FALSE,FALSE,1,FALSE,FALSE,FALSE,FALSE,112,113,119,38091,38106,38094,11249504,6937027,50.03,0.85
1,1,0,1,FALSE,FALSE,1,FALSE,FALSE,FALSE,FALSE,117,116,119,38110,38119,38116,11249450,6937098,49.99,0.85
1,1,0,1,FALSE,FALSE,1,FALSE,FALSE,FALSE,FALSE,117,119,117,38116,38112,38120,11249970,6938176,49.96,0.83
1,1,0,1,FALSE,FALSE,1,FALSE,FALSE,FALSE,FALSE,113,113,116,38090,38099,38111,11250458,6937835,49.98,0.86
1,1,0,1,FALSE,FALSE,1,FALSE,FALSE,FALSE,FALSE,115,117,114,38119,38090,38107,11249363,6937497,50,0.87
1,1,0,1,FALSE,FALSE,1,FALSE,FALSE,FALSE,FALSE,112,113,113,38114,38107,38117,11250607,6936990,50.02,0.83
1,1,0,1,FALSE,FALSE,1,FALSE,FALSE,FALSE,FALSE,119,113,116,38119,38114,38114,11249622,6936795,50.04,0.84
1,1,0,1,FALSE,FALSE,1,FALSE,FALSE,FALSE,FALSE,118,116,119,38101,38114,38119,11250733,6938216,50.04,0.83
1,1,0,1,FALSE,FALSE,1,FALSE,FALSE,FALSE,FALSE,113,116,119,38094,38112,38115,11249588,6937160,50.04,0.87
1,1,0,1,FALSE,FALSE,1,FALSE,FALSE,FALSE,FALSE,119,113,118,38117,38110,38101,11249690,6937772,50,0.85
1,1,0,1,FALSE,FALSE,1,FALSE,FALSE,FALSE,FALSE,113,118,113,38101,38099,38113,11250422,6937055,50.05,0.83
1,1,0,1,FALSE,FALSE,1,FALSE,FALSE,FALSE,FALSE,118,119,113,38090,38098,38119,11250560,6937535,49.99,0.85
1,1,0,1,FALSE,FALSE,1,FALSE,FALSE,FALSE,FALSE,118,118,117,38092,38116,38104,11249925,6937062,50.01,0.85
1,1,0,1,FALSE,FALSE,1,FALSE,FALSE,FALSE,FALSE,117,115,115,38104,38118,38103,11249971,6937166,49.95,0.85
1,1,0,1,FALSE,FALSE,1,FALSE,FALSE,FALSE,FALSE,119,118,113,38107,38104,38114,11250472,6937783,49.98,0.87
1,1,0,1,FALSE,FALSE,1,FALSE,FALSE,FALSE,FALSE,115,118,113,38096,38103,38116,11249936,6937535,50.03,0.86
1,1,0,1,FALSE,FALSE,1,FALSE,FALSE,FALSE,FALSE,115,116,118,38116,38116,38091,11250299,6937467,50,0.87
1,1,0,1,FALSE,FALSE,1,FALSE,FALSE,FALSE,FALSE,116,116,118,38106,38105,38116,11250174,6936822,50.02,0.85
1,1,0,1,FALSE,FALSE,1,FALSE,FALSE,FALSE,FALSE,113,112,114,38117,38108,38094,11250736,6937455,50,0.87
1,1,0,1,FALSE,FALSE,1,FALSE,FALSE,FALSE,FALSE,112,113,118,38096,38120,38113,11249410,6936912,50.05,0.84
1,1,0,1,FALSE,FALSE,1,FALSE,FALSE,FALSE,FALSE,114,114,115,38110,38113,38106,11249838,6937462,50.04,0.84
1,1,0,1,FALSE,FALSE,1,FALSE,FALSE,FALSE,FALSE,114,116,118,38110,38114,38094,11249936,6937681,50.03,0.85
1,1,0,1,FALSE,FALSE,1,FALSE,FALSE,FALSE,FALSE,113,114,118,38114,38092,38117,11249664,6937833,49.96,0.86
1,1,0,1,FALSE,FALSE,1,FALSE,FALSE,FALSE,FALSE,113,114,113,38102,38107,38093,11250112,6937861,50.03,0.83
1,1,0,1,FALSE,FALSE,1,FALSE,FALSE,FALSE,FALSE,114,116,116,38117,38101,38102,11249661,6937991,50,0.85
1,1,0,1,FALSE,FALSE,1,FALSE,FALSE,FALSE,FALSE,118,119,118,38104,38102,38099,11249722,6936881,50,0.87
1,1,0,1,FALSE,FALSE,1,FALSE,FALSE,FALSE,FALSE,113,113,114,38092,38102,38102,11250554,6937495,50.05,0.87
1,1,0,1,FALSE,FALSE,1,FALSE,FALSE,FALSE,FALSE,112,114,117,38109,38095,38103,11250034,6937862,50.03,0.84
1,1,0,1,FALSE,FALSE,1,FALSE,FALSE,FALSE,FALSE,115,115,115,38116,38099,38095,11249539,6937756,50.03,0.85
1,1,0,1,FALSE,FALSE,1,FALSE,FALSE,FALSE,FALSE,119,113,119,38105,38119,38098,11249522,6936755,50.02,0.85
1,1,0,1,FALSE,FALSE,1,FALSE,FALSE,FALSE,FALSE,119,113,114,38105,38095,38114,11249288,6937259,49.98,0.84
1,1,0,1,FALSE,FALSE,1,FALSE,FALSE,FALSE,FALSE,113,115,112,38107,38112,38120,11250167,6937888,50.03,0.83
1,1,0,1,FALSE,FALSE,1,FALSE,FALSE,FALSE,FALSE,113,114,113,38112,38119,38090,11249930,6938177,50.05,0.85
1,1,0,1,FALSE,FALSE,1,FALSE,FALSE,FALSE,FALSE,118,118,114,38104,38095,38116,11249660,6937113,50.02,0.84
1,1,0,1,FALSE,FALSE,1,FALSE,FALSE,FALSE,FALSE,115,117,113,38116,38106,38103,11249545,6937088,49.97,0.87
1,1,0,1,FALSE,FALSE,1,FALSE,FALSE,FALSE,FALSE,119,117,115,38094,38118,38092,11249997,6937400,49.99,0.85
1,1,0,1,FALSE,FALSE,1,FALSE,FALSE,FALSE,FALSE,115,119,118,38090,38113,38100,11250217,6937716,50,0.83
1,1,0,1,FALSE,FALSE,1,FALSE,FALSE,FALSE,FALSE,113,119,116,38093,38110,38106,11249591,6937268,50,0.84
1,1,0,1,FALSE,FALSE,1,FALSE,FALSE,FALSE,FALSE,119,119,116,38099,38102,38119,11250244,6937800,49.97,0.86
1,1,0,1,FALSE,FALSE,1,FALSE,FALSE,FALSE,FALSE,113,116,116,38099,38113,38099,11249546,6937344,50.04,0.87
1,1,0,1,FALSE,FALSE,1,FALSE,FALSE,FALSE,FALSE,119,117,114,38113,38101,38117,11250432,6937746,50,0.86
1,1,0,1,FALSE,FALSE,1,FALSE,FALSE,FALSE,FALSE,118,115,113,38113,38103,38109,11250526,6937219,50.04,0.85
1,1,0,1,FALSE,FALSE,1,FALSE,FALSE,FALSE,FALSE,113,113,114,38103,38114,38102,11249270,6937877,49.98,0.85
1,1,0,1,FALSE,FALSE,1,FALSE,FALSE,FALSE,FALSE,115,116,119,38113,38100,38102,11249306,6937288,50.05,0.84
1,1,0,1,FALSE,FALSE,1,FALSE,FALSE,FALSE,FALSE,119,113,119,38117,38113,38092,11250733,6937687,50.05,0.87
1,1,0,1,FALSE,FALSE,1,FALSE,FALSE,FALSE,FALSE,119,113,112,38094,38093,38098,11250722,6937077,50.03,0.86
1,1,0,1,FALSE,FALSE,1,FALSE,FALSE,FALSE,FALSE,114,116,112,38101,38113,38099,11250304,6937478,49.99,0.85
1,1,0,1,FALSE,FALSE,1,FALSE,FALSE,FALSE,FALSE,119,116,113,38090,38092,38111,11249661,6937157,50.01,0.85
1,1,0,1,FALSE,FALSE,1,FALSE,FALSE,FALSE,FALSE,117,113,116,38115,38114,38094,11250237,6937655,49.97,0.85
1,1,0,1,FALSE,FALSE,1,FALSE,FALSE,FALSE,FALSE,117,116,119,38111,38116,38114,11250041,6938222,49.99,0.83
1,1,0,1,FALSE,FALSE,1,FALSE,FALSE,FALSE,FALSE,113,113,113,38105,38112,38112,11250748,6938063,49.96,0.84
1,1,0,1,FALSE,FALSE,1,FALSE,FALSE,FALSE,FALSE,116,112,116,38098,38119,38100,11250239,6937516,49.98,0.84
1,1,0,1,FALSE,FALSE,1,FALSE,FALSE,FALSE,FALSE,113,116,119,38111,38115,38114,11250659,6937793,49.98,0.83
1,1,0,1,FALSE,FALSE,1,FALSE,FALSE,FALSE,FALSE,118,113,115,38108,38117,38098,11250719,6937009,49.97,0.87
1,1,0,1,FALSE,FALSE,1,FALSE,FALSE,FALSE,FALSE,117,114,117,38096,38110,38109,11250110,6937989,49.98,0.85
1,1,0,1,FALSE,FALSE,1,FALSE,FALSE,FALSE,FALSE,119,117,112,38099,38091,38103,11249601,6936968,49.99,0.86
1,1,0,1,FALSE,FALSE,1,FALSE,FALSE,FALSE,FALSE,118,118,113,38105,38106,38097,11250130,6937106,50,0.83
1,1,0,1,FALSE,FALSE,1,FALSE,FALSE,FALSE,FALSE,116,112,112,38106,38107,38120,11249447,6938165,50.05,0.85
1,1,0,1,FALSE,FALSE,1,FALSE,FALSE,FALSE,FALSE,119,113,119,38094,38112,38114,11249489,6937579,49.99,0.84
1,1,0,1,FALSE,FALSE,1,FALSE,FALSE,FALSE,FALSE,118,117,112,38102,38093,38095,11249631,6937173,50.02,0.83
1,1,0,1,FALSE,FALSE,1,FALSE,FALSE,FALSE,FALSE,117,113,114,38103,38100,38116,11250086,6937330,49.97,0.87
1,1,0,1,FALSE,FALSE,1,FALSE,FALSE,FALSE,FALSE,116,119,113,38118,38112,38091,11249321,6937723,50.02,0.85
1,1,0,1,FALSE,FALSE,1,FALSE,FALSE,FALSE,FALSE,116,113,113,38097,38091,38108,11250484,6938195,50.05,0.83
1,1,0,1,FALSE,FALSE,1,FALSE,FALSE,FALSE,FALSE,116,115,112,38093,38096,38093,11249483,6936820,50.04,0.86
1,1,0,1,FALSE,FALSE,1,FALSE,FALSE,FALSE,FALSE,112,112,116,38114,38095,38091,11250099,6936766,50.05,0.83
1,1,0,1,FALSE,FALSE,1,FALSE,FALSE,FALSE,FALSE,119,114,114,38104,38111,38111,11249318,6937455,50.05,0.85
1,1,0,1,FALSE,FALSE,1,FALSE,FALSE,FALSE,FALSE,116,112,115,38116,38119,38107,11249543,6937797,50.01,0.86
1,1,0,1,FALSE,FALSE,1,FALSE,FALSE,FALSE,FALSE,118,116,119,38099,38090,38094,11249537,6937967,50.03,0.85
1,1,0,1,FALSE,FALSE,1,FALSE,FALSE,FALSE,FALSE,117,116,116,38091,38102,38110,11249423,6936763,49.95,0.85
1,1,0,1,FALSE,FALSE,1,FALSE,FALSE,FALSE,FALSE,117,114,118,38108,38120,38096,11249271,6937961,50.05,0.83
1,1,0,1,FALSE,FALSE,1,FALSE,FALSE,FALSE,FALSE,117,116,116,38106,38093,38106,11250390,6936813,49.95,0.86
1,1,0,1,FALSE,FALSE,1,FALSE,FALSE,FALSE,FALSE,117,115,113,38102,38100,38099,11250125,6937138,49.96,0.87
1,1,0,1,FALSE,FALSE,1,FALSE,FALSE,FALSE,FALSE,117,117,114,38120,38102,38119,11249973,6937361,50.01,0.86
1,1,0,1,FALSE,FALSE,1,FALSE,FALSE,FALSE,FALSE,113,113,119,38119,38091,38090,11250527,6936765,49.96,0.83
1,1,0,1,FALSE,FALSE,1,FALSE,FALSE,FALSE,FALSE,113,118,118,38111,38114,38095,11249688,6937790,49.99,0.86
1,1,0,1,FALSE,FALSE,1,FALSE,FALSE,FALSE,FALSE,116,112,117,38093,38103,38116,11249322,6937530,49.99,0.83
1,1,0,1,FALSE,FALSE,1,FALSE,FALSE,FALSE,FALSE,119,118,115,38099,38097,38101,11249619,6938204,49.98,0.86
1,1,0,1,FALSE,FALSE,1,FALSE,FALSE,FALSE,FALSE,116,119,112,38119,38103,38100,11250473,6937580,50.05,0.84
1,1,0,1,FALSE,FALSE,1,FALSE,FALSE,FALSE,FALSE,119,119,113,38100,38107,38109,11249713,6936998,50.05,0.85
1,1,0,1,FALSE,FALSE,1,FALSE,FALSE,FALSE,FALSE,112,116,115,38105,38100,38117,11250174,6936942,50.04,0.86
1,1,0,1,FALSE,FALSE,1,FALSE,FALSE,FALSE,FALSE,119,119,116,38104,38107,38101,11249845,6938099,49.96,0.87
1,1,0,1,FALSE,FALSE,1,FALSE,FALSE,FALSE,FALSE,116,119,113,38097,38106,38117,11250359,6937490,50.01,0.85
1,1,0,1,FALSE,FALSE,1,FALSE,FALSE,FALSE,FALSE,112,114,116,38110,38109,38119,11250045,6936777,50.02,0.87
1,1,0,1,FALSE,FALSE,1,FALSE,FALSE,FALSE,FALSE,113,119,116,38111,38095,38095,11250035,6937358,49.95,0.87
1,1,0,1,FALSE,FALSE,1,FALSE,FALSE,FALSE,FALSE,115,118,113,38099,38112,38092,11249950,6938206,49.99,0.83
1,1,0,1,FALSE,FALSE,1,FALSE,FALSE,FALSE,FALSE,112,116,117,38115,38099,38115,11250653,6937889,49.95,0.86
1,1,0,1,FALSE,FALSE,1,FALSE,FALSE,FALSE,FALSE,116,119,117,38094,38106,38099,11250074,6938222,50.05,0.85
1,1,0,1,FALSE,FALSE,1,FALSE,FALSE,FALSE,FALSE,116,119,112,38118,38105,38104,11250600,6937040,50,0.84
1,1,0,1,FALSE,FALSE,1,FALSE,FALSE,FALSE,FALSE,112,119,117,38102,38110,38096,11249498,6937820,50.03,0.85
1,1,0,1,FALSE,FALSE,1,FALSE,FALSE,FALSE,FALSE,113,116,114,38113,38115,38097,11250386,6937950,49.96,0.84
1,1,0,1,FALSE,FALSE,1,FALSE,FALSE,FALSE,FALSE,116,116,119,38106,38110,38095,11250644,6937782,50.04,0.84
1,1,0,1,FALSE,FALSE,1,FALSE,FALSE,FALSE,FALSE,119,117,118,38105,38104,38099,11249643,6937007,50.02,0.84
1,1,0,1,FALSE,FALSE,1,FALSE,FALSE,FALSE,FALSE,119,113,119,38117,38107,38105,11250666,6936824,50.04,0.87
1,1,0,1,FALSE,FALSE,1,FALSE,FALSE,FALSE,FALSE,115,119,116,38104,38113,38098,11249422,6938149,49.99,0.86
1,1,0,1,FALSE,FALSE,1,FALSE,FALSE,FALSE,FALSE,113,113,115,38108,38097,38095,11250663,6937439,49.95,0.85
1,1,0,1,FALSE,FALSE,1,FALSE,FALSE,FALSE,FALSE,114,118,116,38100,38112,38115,11250159,6936788,49.95,0.87
1,1,0,1,FALSE,FALSE,1,FALSE,FALSE,FALSE,FALSE,116,112,113,38100,38100,38091,11249322,6937307,50.04,0.87
1,1,0,1,FALSE,FALSE,1,FALSE,FALSE,FALSE,FALSE,119,112,119,38096,38108,38094,11249288,6936912,50.03,0.85
1,1,0,1,FALSE,FALSE,1,FALSE,FALSE,FALSE,FALSE,119,116,116,38093,38111,38103,11249826,6937515,50.03,0.87
1,1,0,1,FALSE,FALSE,1,FALSE,FALSE,FALSE,FALSE,118,119,119,38105,38113,38096,11249282,6938188,50.02,0.87
1,1,0,1,FALSE,FALSE,1,FALSE,FALSE,FALSE,FALSE,113,117,113,38099,38110,38097,11249307,6938177,50.03,0.87
1,1,0,1,FALSE,FALSE,1,FALSE,FALSE,FALSE,FALSE,118,117,118,38098,38107,38115,11249424,6937925,50,0.87
1,1,0,1,FALSE,FALSE,1,FALSE,FALSE,FALSE,FALSE,113,116,116,38095,38096,38111,11249547,6936754,50,0.84
1,1,0,1,FALSE,FALSE,1,FALSE,FALSE,FALSE,FALSE,113,114,119,38093,38112,38108,11249296,6937734,50.01,0.84
1,1,0,1,FALSE,FALSE,1,FALSE,FALSE,FALSE,FALSE,116,114,116,38112,38114,38114,11250056,6937676,50.03,0.87
1,1,0,1,FALSE,FALSE,1,FALSE,FALSE,FALSE,FALSE,114,116,112,38092,38115,38098,11250013,6937382,49.99,0.85
1,1,0,1,FALSE,FALSE,1,FALSE,FALSE,FALSE,FALSE,119,114,116,38101,38103,38092,11249480,6937322,49.98,0.85
1,1,0,1,FALSE,FALSE,1,FALSE,FALSE,FALSE,FALSE,116,115,117,38119,38117,38117,11249452,6937445,49.97,0.85
1,1,0,1,FALSE,FALSE,1,FALSE,FALSE,FALSE,FALSE,114,116,117,38114,38090,38092,11249261,6937695,50.03,0.84
1,1,0,1,FALSE,FALSE,1,FALSE,FALSE,FALSE,FALSE,119,117,113,38110,38107,38105,11249702,6937077,49.98,0.83
1,1,0,1,FALSE,FALSE,1,FALSE,FALSE,FALSE,FALSE,116,119,119,38107,38095,38116,11250264,6937791,49.98,0.84
1,1,0,1,FALSE,FALSE,1,FALSE,FALSE,FALSE,FALSE,114,115,116,38100,38115,38110,11250738,6938208,50.04,0.86
1,1,0,1,FALSE,FALSE,1,FALSE,FALSE,FALSE,FALSE,112,117,118,38091,38119,38117,11249675,6937079,49.97,0.86
1,1,0,1,FALSE,FALSE,1,FALSE,FALSE,FALSE,FALSE,115,117,114,38110,38094,38107,11249279,6936999,49.98,0.83
1,1,0,1,FALSE,FALSE,1,FALSE,FALSE,FALSE,FALSE,116,115,113,38092,38107,38099,11249440,6936974,50.01,0.86
1,1,0,1,FALSE,FALSE,1,FALSE,FALSE,FALSE,FALSE,113,112,117,38097,38093,38097,11250584,6938037,50.04,0.83
1,1,0,1,FALSE,FALSE,1,FALSE,FALSE,FALSE,FALSE,113,119,116,38115,38112,38111,11249398,6937895,49.98,0.85
1,1,0,1,FALSE,FALSE,1,FALSE,FALSE,FALSE,FALSE,116,112,119,38094,38107,38100,11249549,6937220,50.01,0.85
1,1,0,1,FALSE,FALSE,1,FALSE,FALSE,FALSE,FALSE,79,75,79,38095,38104,38106,7500009,4624700,50.05,0.86
1,1,0,1,FALSE,FALSE,1,FALSE,FALSE,FALSE,FALSE,80,76,75,38118,38120,38107,7499561,4624565,50.01,0.86
1,1,0,1,FALSE,FALSE,1,FALSE,FALSE,FALSE,FALSE,75,80,79,38108,38113,38100,7499943,4625404,49.97,0.87
1,1,0,1,FALSE,FALSE,1,FALSE,FALSE,FALSE,FALSE,77,79,76,38109,38108,38100,7499542,4625227,49.98,0.86
1,1,0,1,FALSE,FALSE,1,FALSE,FALSE,FALSE,FALSE,79,76,79,38107,38119,38114,7500324,4624982,50,0.85
1,1,0,1,FALSE,FALSE,1,FALSE,FALSE,FALSE,FALSE,80,80,75,38107,38114,38092,7499723,4624998,50,0.86
1,1,0,1,FALSE,FALSE,1,FALSE,FALSE,FALSE,FALSE,79,75,79,38119,38120,38119,7500075,4625227,49.99,0.85
1,1,0,1,FALSE,FALSE,1,FALSE,FALSE,FALSE,FALSE,75,77,77,38112,38103,38116,7500118,4625016,50.03,0.83
1,1,0,1,FALSE,FALSE,1,FALSE,FALSE,FALSE,FALSE,79,75,80,38112,38117,38095,7499516,4624947,50.04,0.84
1,1,0,1,FALSE,FALSE,1,FALSE,FALSE,FALSE,FALSE,77,76,76,38097,38116,38120,7499944,4624786,50.03,0.84
1,1,0,1,FALSE,FALSE,1,FALSE,FALSE,FALSE,FALSE,75,76,75,38104,38116,38106,7500162,4625406,50.02,0.86
1,1,0,1,FALSE,FALSE,1,FALSE,FALSE,FALSE,FALSE,76,80,77,38092,38115,38118,7500279,4625000,49.95,0.83
1,1,0,1,FALSE,FALSE,1,FALSE,FALSE,FALSE,FALSE,77,78,75,38114,38102,38090,7500169,4625072,49.96,0.85
1,1,0,1,FALSE,FALSE,1,FALSE,FALSE,FALSE,FALSE,76,79,76,38119,38113,38092,7499794,4624848,50.02,0.86
1,1,0,1,FALSE,FALSE,1,FALSE,FALSE,FALSE,FALSE,78,76,75,38106,38101,38103,7499873,4625022,50.02,0.84
1,1,0,1,FALSE,FALSE,1,FALSE,FALSE,FALSE,FALSE,77,76,77,38102,38100,38117,7500002,4624802,50.02,0.86
1,1,0,1,FALSE,FALSE,1,FALSE,FALSE,FALSE,FALSE,77,77,75,38094,38117,38096,7499574,4624841,50.02,0.83
1,1,0,1,FALSE,FALSE,1,FALSE,FALSE,FALSE,FALSE,77,79,77,38117,38109,38102,7499529,4624922,50.03,0.85
1,1,0,1,FALSE,FALSE,1,FALSE,FALSE,FALSE,FALSE,75,78,78,38090,38090,38105,7500324,4624955,49.99,0.86
1,1,0,1,FALSE,FALSE,1,FALSE,FALSE,FALSE,FALSE,78,77,80,38100,38101,38095,7500347,4624801,49.99,0.83
1,1,0,1,FALSE,FALSE,1,FALSE,FALSE,FALSE,FALSE,78,79,77,38099,38112,38111,7499714,4625061,49.98,0.85
1,1,0,1,FALSE,FALSE,1,FALSE,FALSE,FALSE,FALSE,77,79,79,38093,38091,38099,7500430,4625158,49.96,0.86
1,1,0,1,FALSE,FALSE,1,FALSE,FALSE,FALSE,FALSE,79,76,76,38101,38093,38111,7499936,4625444,49.96,0.86
1,1,0,1,FALSE,FALSE,1,FALSE,FALSE,FALSE,FALSE,80,75,78,38104,38107,38116,7500463,4624625,50.02,0.87
1,1,0,1,FALSE,FALSE,1,FALSE,FALSE,FALSE,FALSE,76,77,78,38109,38095,38099,7500399,4625451,50.01,0.86
1,1,0,1,FALSE,FALSE,1,FALSE,FALSE,FALSE,FALSE,77,76,77,38104,38110,38113,7500498,4624715,49.97,0.85
1,1,0,1,FALSE,FALSE,1,FALSE,FALSE,FALSE,FALSE,75,76,79,38091,38110,38098,7499684,4625192,50.01,0.87
1,1,0,1,FALSE,FALSE,1,FALSE,FALSE,FALSE,FALSE,77,76,75,38120,38106,38111,7499868,4625480,49.99,0.86
1,1,0,1,FALSE,FALSE,1,FALSE,FALSE,FALSE,FALSE,75,75,77,38106,38107,38093,7500140,4624806,49.98,0.83
1,1,0,1,FALSE,FALSE,1,FALSE,FALSE,FALSE,FALSE,78,78,76,38112,38099,38090,7500359,4625493,49.98,0.84
1,1,0,1,FALSE,FALSE,1,FALSE,FALSE,FALSE,FALSE,76,78,77,38094,38091,38099,7500010,4624951,50.03,0.87
1,1,0,1,FALSE,FALSE,1,FALSE,FALSE,FALSE,FALSE,79,77,76,38096,38092,38117,7499920,4624933,49.98,0.86
1,1,0,1,FALSE,FALSE,1,FALSE,FALSE,FALSE,FALSE,80,76,79,38102,38105,38119,7499893,4625164,49.97,0.86
1,1,0,1,FALSE,FALSE,1,FALSE,FALSE,FALSE,FALSE,76,79,76,38092,38119,38111,7499768,4625141,49.95,0.84
1,1,0,1,FALSE,FALSE,1,FALSE,FALSE,FALSE,FALSE,75,78,75,38108,38091,38118,7500055,4625105,49.97,0.83
1,1,0,1,FALSE,FALSE,1,FALSE,FALSE,FALSE,FALSE,75,78,80,38109,38108,38098,7500474,4625429,49.99,0.86
1,1,0,1,FALSE,FALSE,1,FALSE,FALSE,FALSE,FALSE,75,78,78,38119,38104,38099,7500283,4624946,50.02,0.86
1,1,0,1,FALSE,FALSE,1,FALSE,FALSE,FALSE,FALSE,75,79,76,38119,38119,38111,7499743,4625345,49.99,0.83
1,1,0,1,FALSE,FALSE,1,FALSE,FALSE,FALSE,FALSE,79,78,76,38111,38105,38098,7500184,4624726,49.95,0.87
1,1,0,1,FALSE,FALSE,1,FALSE,FALSE,FALSE,FALSE,78,78,75,38106,38111,38093,7499881,4625407,49.96,0.84
1,1,0,1,FALSE,FALSE,1,FALSE,FALSE,FALSE,FALSE,78,80,75,38108,38093,38118,7500372,4625466,49.99,0.86
1,1,0,1,FALSE,FALSE,1,FALSE,FALSE,FALSE,FALSE,77,78,75,38094,38110,38107,7499747,4625475,50.04,0.87
1,1,0,1,FALSE,FALSE,1,FALSE,FALSE,FALSE,FALSE,78,75,75,38103,38108,38117,7500018,4624866,50.01,0.83
1,1,0,1,FALSE,FALSE,1,FALSE,FALSE,FALSE,FALSE,80,76,76,38101,38104,38105,7500169,4624582,49.98,0.83
1,1,0,1,FALSE,FALSE,1,FALSE,FALSE,FALSE,FALSE,78,78,76,38112,38102,38118,7500247,4625267,50.05,0.84
1,1,0,1,FALSE,FALSE,1,FALSE,FALSE,FALSE,FALSE,76,75,75,38107,38109,38112,7499744,4625212,50.03,0.83
1,1,0,1,FALSE,FALSE,1,FALSE,FALSE,FALSE,FALSE,75,80,78,38115,38113,38106,7500455,4624986,49.97,0.83
1,1,0,1,FALSE,FALSE,1,FALSE,FALSE,FALSE,FALSE,78,79,79,38116,38103,38108,7499809,4625296,50.04,0.87
1,1,0,1,FALSE,FALSE,1,FALSE,FALSE,FALSE,FALSE,76,79,76,38110,38111,38100,7499690,4625050,50.04,0.87
1,1,0,1,FALSE,FALSE,1,FALSE,FALSE,FALSE,FALSE,77,76,75,38114,38106,38102,7500134,4625408,49.96,0.87
1,1,0,1,FALSE,FALSE,1,FALSE,FALSE,FALSE,FALSE,77,77,78,38105,38111,38103,7500224,4624892,49.95,0.86
1,1,0,1,FALSE,FALSE,1,FALSE,FALSE,FALSE,FALSE,77,78,80,38103,38094,38113,7500098,4625218,50.01,0.84
1,1,0,1,FALSE,FALSE,1,FALSE,FALSE,FALSE,FALSE,79,78,80,38112,38093,38090,7499544,4624933,49.98,0.86
1,1,0,1,FALSE,FALSE,1,FALSE,FALSE,FALSE,FALSE,79,78,75,38094,38120,38094,7500394,4625416,49.99,0.87
1,1,0,1,FALSE,FALSE,1,FALSE,FALSE,FALSE,FALSE,76,79,79,38105,38100,38097,7500005,4625208,49.99,0.84
1,1,0,1,FALSE,FALSE,1,FALSE,FALSE,FALSE,FALSE,76,78,78,38102,38092,38091,7499979,4624535,49.95,0.85
1,1,0,1,FALSE,FALSE,1,FALSE,FALSE,FALSE,FALSE,80,77,75,38100,38099,38115,7499868,4625168,50.04,0.85
1,1,0,1,FALSE,FALSE,1,FALSE,FALSE,FALSE,FALSE,77,76,76,38092,38090,38120,7499987,4625041,50,0.87
1,1,0,1,FALSE,FALSE,1,FALSE,FALSE,FALSE,FALSE,77,76,78,38102,38104,38098,7500193,4625058,50.04,0.84
1,1,0,1,FALSE,FALSE,1,FALSE,FALSE,FALSE,FALSE,78,75,80,38090,38112,38112,7499813,4625392,49.97,0.86
1,1,0,1,FALSE,FALSE,1,FALSE,FALSE,FALSE,FALSE,77,79,76,38114,38090,38107,7500129,4624770,49.99,0.85
1,1,0,1,FALSE,FALSE,1,FALSE,FALSE,FALSE,FALSE,79,77,77,38117,38117,38114,7499648,4625272,50.01,0.85
1,1,0,1,FALSE,FALSE,1,FALSE,FALSE,FALSE,FALSE,79,79,76,38101,38093,38100,7500408,4625238,50.03,0.86
1,1,0,1,FALSE,FALSE,1,FALSE,FALSE,FALSE,FALSE,75,75,80,38113,38092,38091,7500075,4624766,50.02,0.86
1,1,0,1,FALSE,FALSE,1,FALSE,FALSE,FALSE,FALSE,76,76,76,38120,38108,38115,7500409,4625420,50.02,0.85
1,1,0,1,FALSE,FALSE,1,FALSE,FALSE,FALSE,FALSE,78,78,77,38090,38101,38111,7500174,4625309,49.98,0.86
1,1,0,1,FALSE,FALSE,1,FALSE,FALSE,FALSE,FALSE,76,75,76,38104,38099,38096,7499878,4624780,50.04,0.86
1,1,0,1,FALSE,FALSE,1,FALSE,FALSE,FALSE,FALSE,78,78,75,38118,38092,38111,7500224,4624909,49.95,0.83
1,1,0,1,FALSE,FALSE,1,FALSE,FALSE,FALSE,FALSE,77,77,79,38101,38106,38118,7500097,4625335,49.97,0.84
1,1,0,1,FALSE,FALSE,1,FALSE,FALSE,FALSE,FALSE,79,75,76,38111,38114,38117,7500358,4625347,49.96,0.86
1,1,0,1,FALSE,FALSE,1,FALSE,FALSE,FALSE,FALSE,78,77,79,38112,38098,38090,7500500,4625304,50.03,0.86
1,1,0,1,FALSE,FALSE,1,FALSE,FALSE,FALSE,FALSE,77,76,77,38107,38116,38090,7499859,4625315,49.97,0.87
1,1,0,1,FALSE,FALSE,1,FALSE,FALSE,FALSE,FALSE,77,78,80,38096,38108,38117,7500356,4625303,49.97,0.86
1,1,0,1,FALSE,FALSE,1,FALSE,FALSE,FALSE,FALSE,78,80,77,38096,38113,38113,7499652,4624771,49.99,0.83
1,1,0,1,FALSE,FALSE,1,FALSE,FALSE,FALSE,FALSE,77,78,75,38092,38118,38096,7499647,4624752,50.03,0.87
1,1,0,1,FALSE,FALSE,1,FALSE,FALSE,FALSE,FALSE,76,80,78,38119,38119,38120,7500150,4624962,50.04,0.84
1,1,0,1,FALSE,FALSE,1,FALSE,FALSE,FALSE,FALSE,78,79,78,38116,38094,38115,7499741,4625485,50.02,0.85
1,1,0,1,FALSE,FALSE,1,FALSE,FALSE,FALSE,FALSE,78,79,76,38110,38104,38113,7500138,4624651,50.02,0.86
1,1,0,1,FALSE,FALSE,1,FALSE,FALSE,FALSE,FALSE,80,77,75,38103,38099,38117,7500214,4624783,49.95,0.83
1,1,0,1,FALSE,FALSE,1,FALSE,FALSE,FALSE,FALSE,79,77,77,38119,38117,38116,7500182,4624610,50.02,0.85
1,1,0,1,FALSE,FALSE,1,FALSE,FALSE,FALSE,FALSE,76,79,77,38096,38114,38110,7500500,4625195,49.99,0.85
1,1,0,1,FALSE,FALSE,1,FALSE,FALSE,FALSE,FALSE,79,78,77,38106,38096,38093,7500443,4624623,49.98,0.87
1,1,0,1,FALSE,FALSE,1,FALSE,FALSE,FALSE,FALSE,76,78,79,38111,38092,38111,7499592,4625459,50.02,0.83
1,1,0,1,FALSE,FALSE,1,FALSE,FALSE,FALSE,FALSE,80,79,77,38116,38117,38103,7499970,4624930,50.02,0.84
1,1,0,1,FALSE,FALSE,1,FALSE,FALSE,FALSE,FALSE,79,77,77,38101,38117,38115,7499607,4624543,50.05,0.86
1,1,0,1,FALSE,FALSE,1,FALSE,FALSE,FALSE,FALSE,75,76,76,38107,38107,38117,7499592,4625312,50,0.86
1,1,0,1,FALSE,FALSE,1,FALSE,FALSE,FALSE,FALSE,78,78,76,38108,38108,38120,7500493,4624814,49.99,0.85
1,1,0,1,FALSE,FALSE,1,FALSE,FALSE,FALSE,FALSE,79,77,80,38097,38094,38119,7500030,4624573,50.02,0.86
1,1,0,1,FALSE,FALSE,1,FALSE,FALSE,FALSE,FALSE,76,79,75,38109,38113,38112,7500103,4624696,49.97,0.85
1,1,0,1,FALSE,FALSE,1,FALSE,FALSE,FALSE,FALSE,80,80,78,38100,38100,38101,7500365,4624710,49.95,0.85
1,1,0,1,FALSE,FALSE,1,FALSE,FALSE,FALSE,FALSE,77,79,79,38092,38120,38118,7500348,4624605,50.04,0.83
1,1,0,1,FALSE,FALSE,1,FALSE,FALSE,FALSE,FALSE,76,75,78,38103,38094,38101,7499507,4625490,49.97,0.86
1,1,0,1,FALSE,FALSE,1,FALSE,FALSE,FALSE,FALSE,77,75,76,38118,38097,38115,7499779,4624852,50.03,0.84
1,1,0,1,FALSE,FALSE,1,FALSE,FALSE,FALSE,FALSE,80,78,80,38120,38112,38109,7500160,4625008,49.96,0.86
1,1,0,1,FALSE,FALSE,1,FALSE,FALSE,FALSE,FALSE,79,77,76,38099,38117,38119,7499835,4624855,49.96,0.87
1,1,0,1,FALSE,FALSE,1,FALSE,FALSE,FALSE,FALSE,77,76,79,38120,38103,38118,7500441,4625106,50,0.83
1,1,0,1,FALSE,FALSE,1,FALSE,FALSE,FALSE,FALSE,80,76,76,38119,38098,38097,7499754,4625210,50.03,0.87
1,1,0,1,FALSE,FALSE,1,FALSE,FALSE,FALSE,FALSE,77,78,75,38108,38097,38095,7500423,4624715,49.97,0.86
1,1,0,1,FALSE,FALSE,1,FALSE,FALSE,FALSE,FALSE,78,79,76,38104,38111,38101,7500228,4625476,49.99,0.87
1,1,0,1,FALSE,FALSE,1,FALSE,FALSE,FALSE,FALSE,76,79,78,38091,38109,38095,7500444,4624714,49.99,0.84
1,1,0,1,FALSE,FALSE,1,FALSE,FALSE,FALSE,FALSE,77,76,76,38119,38114,38112,7499801,4624654,50.02,0.84
1,1,0,1,FALSE,FALSE,1,FALSE,FALSE,FALSE,FALSE,79,75,75,38093,38095,38109,7499616,4625095,50,0.87
1,1,0,1,FALSE,FALSE,1,FALSE,FALSE,FALSE,FALSE,75,75,77,38096,38091,38092,7499697,4624657,49.95,0.84
1,1,0,1,FALSE,FALSE,1,FALSE,FALSE,FALSE,FALSE,78,76,77,38118,38107,38094,7499518,4624970,50.04,0.83
1,1,0,1,FALSE,FALSE,1,FALSE,FALSE,FALSE,FALSE,79,79,78,38095,38117,38096,7500141,4625258,49.96,0.87
1,1,0,1,FALSE,FALSE,1,FALSE,FALSE,FALSE,FALSE,76,75,75,38100,38109,38116,7499631,4625163,50.01,0.84
1,1,0,1,FALSE,FALSE,1,FALSE,FALSE,FALSE,FALSE,79,78,75,38099,38102,38108,7500473,4625264,50.04,0.84
1,1,0,1,FALSE,FALSE,1,FALSE,FALSE,FALSE,FALSE,79,79,76,38098,38110,38100,7499665,4625061,49.99,0.84
1,1,0,1,FALSE,FALSE,1,FALSE,FALSE,FALSE,FALSE,76,80,77,38100,38113,38099,7499682,4624963,49.97,0.87
1,1,0,1,FALSE,FALSE,1,FALSE,FALSE,FALSE,FALSE,78,79,75,38117,38098,38106,7500087,4624803,49.97,0.83
1,1,0,1,FALSE,FALSE,1,FALSE,FALSE,FALSE,FALSE,77,79,78,38118,38108,38100,7499820,4624551,50.04,0.85
1,1,0,1,FALSE,FALSE,1,FALSE,FALSE,FALSE,FALSE,77,78,75,38109,38102,38120,7499544,4624664,49.95,0.87
1,1,0,1,FALSE,FALSE,1,FALSE,FALSE,FALSE,FALSE,80,78,77,38090,38103,38108,7500447,4624588,49.99,0.87
1,1,0,1,FALSE,FALSE,1,FALSE,FALSE,FALSE,FALSE,77,75,76,38099,38092,38093,7499608,4625181,49.96,0.85
1,1,0,1,FALSE,FALSE,1,FALSE,FALSE,FALSE,FALSE,79,78,79,38114,38097,38093,7500259,4624854,49.95,0.84
1,1,0,1,FALSE,FALSE,1,FALSE,FALSE,FALSE,FALSE,77,79,79,38103,38093,38119,7499762,4624893,49.97,0.84
1,1,0,1,FALSE,FALSE,1,FALSE,FALSE,FALSE,FALSE,78,75,78,38118,38090,38097,7500009,4625063,50,0.86
1,1,0,1,FALSE,FALSE,1,FALSE,FALSE,FALSE,FALSE,79,76,75,38093,38113,38119,7500281,4625136,49.99,0.86
1,1,0,1,FALSE,FALSE,1,FALSE,FALSE,FALSE,FALSE,76,78,79,38107,38104,38112,7499787,4625499,50,0.87
1,1,0,1,FALSE,FALSE,1,FALSE,FALSE,FALSE,FALSE,78,80,80,38107,38114,38094,7500490,4625057,49.95,0.83
